Route_Name,Route_Link,Bus_Name,Bus_Type,Duration,Price,Rating,No_of_Ratings,Review_Status
Hyderabad to Vijayawada,https://www.redbus.in/bus-tickets/hyderabad-to-vijayawada,APSRTC - 35188,VENNELA (A.C. SLEEPER),6h 5m,₹781,4.0,33.0,Good Service
Hyderabad to Vijayawada,https://www.redbus.in/bus-tickets/hyderabad-to-vijayawada,APSRTC - 3563,"SUPER LUXURY (NON-AC, 2 + 2 PUSH BACK)",6h 15m,₹436,3.6,29.0,Average
Hyderabad to Vijayawada,https://www.redbus.in/bus-tickets/hyderabad-to-vijayawada,APSRTC - 35266,VENNELA (A.C. SLEEPER),6h 5m,₹781,3.7,31.0,Average
Hyderabad to Vijayawada,https://www.redbus.in/bus-tickets/hyderabad-to-vijayawada,APSRTC - 3590,"SUPER LUXURY (NON-AC, 2 + 2 PUSH BACK)",6h 15m,₹436,3.5,22.0,Average
Hyderabad to Vijayawada,https://www.redbus.in/bus-tickets/hyderabad-to-vijayawada,APSRTC - 3058,VENNELA (A.C. SLEEPER),6h 5m,₹781,3.9,43.0,Average
Hyderabad to Vijayawada,https://www.redbus.in/bus-tickets/hyderabad-to-vijayawada,APSRTC - 3548,"SUPER LUXURY (NON-AC, 2 + 2 PUSH BACK)",6h 20m,₹436,4.4,17.0,Good Service
Hyderabad to Vijayawada,https://www.redbus.in/bus-tickets/hyderabad-to-vijayawada,APSRTC - 35197,AMARAVATHI (VOLVO / SCANIA A.C Multi Axle),5h 50m,₹603,4.3,65.0,Good Service
Hyderabad to Vijayawada,https://www.redbus.in/bus-tickets/hyderabad-to-vijayawada,APSRTC - 35190,AMARAVATHI (VOLVO / SCANIA A.C Multi Axle),5h 55m,₹603,4.2,11.0,Good Service
Hyderabad to Vijayawada,https://www.redbus.in/bus-tickets/hyderabad-to-vijayawada,APSRTC - 3558,DOLPHIN CRUISE (VOLVO / SCANIA A.C Multi Axle),5h 25m,₹603,4.3,197.0,Good Service
Hyderabad to Vijayawada,https://www.redbus.in/bus-tickets/hyderabad-to-vijayawada,APSRTC - 35136,INDRA(A.C. Seater),6h 15m,₹528,3.8,57.0,Average
Hyderabad to Vijayawada,https://www.redbus.in/bus-tickets/hyderabad-to-vijayawada,APSRTC - 3540,"SUPER LUXURY (NON-AC, 2 + 2 PUSH BACK)",7h 20m,₹436,3.8,21.0,Average
Hyderabad to Vijayawada,https://www.redbus.in/bus-tickets/hyderabad-to-vijayawada,APSRTC - 4726,INDRA(A.C. Seater),5h 20m,₹528,3.5,8.0,Average
Hyderabad to Vijayawada,https://www.redbus.in/bus-tickets/hyderabad-to-vijayawada,APSRTC - 3586,DOLPHIN CRUISE (VOLVO / SCANIA A.C Multi Axle),5h 50m,₹603,4.0,142.0,Good Service
Hyderabad to Vijayawada,https://www.redbus.in/bus-tickets/hyderabad-to-vijayawada,APSRTC - 35196,"SUPER LUXURY (NON-AC, 2 + 2 PUSH BACK)",7h,₹436,4.3,33.0,Good Service
Hyderabad to Vijayawada,https://www.redbus.in/bus-tickets/hyderabad-to-vijayawada,APSRTC - 35062,"SUPER LUXURY (NON-AC, 2 + 2 PUSH BACK)",7h 15m,₹436,3.9,12.0,Average
Hyderabad to Vijayawada,https://www.redbus.in/bus-tickets/hyderabad-to-vijayawada,APSRTC - 35274,AMARAVATHI (VOLVO / SCANIA A.C Multi Axle),6h 20m,₹603,3.8,107.0,Average
Hyderabad to Vijayawada,https://www.redbus.in/bus-tickets/hyderabad-to-vijayawada,APSRTC - 23701,"SUPER LUXURY (NON-AC, 2 + 2 PUSH BACK)",6h 15m,₹436,3.8,0.0,Average
Hyderabad to Vijayawada,https://www.redbus.in/bus-tickets/hyderabad-to-vijayawada,APSRTC - 3592,"SUPER LUXURY (NON-AC, 2 + 2 PUSH BACK)",7h 20m,₹436,3.3,17.0,Average
Hyderabad to Vijayawada,https://www.redbus.in/bus-tickets/hyderabad-to-vijayawada,APSRTC - 3572,DOLPHIN CRUISE (VOLVO / SCANIA A.C Multi Axle),6h 25m,₹648,4.2,86.0,Good Service
Hyderabad to Vijayawada,https://www.redbus.in/bus-tickets/hyderabad-to-vijayawada,APSRTC - 24252,INDRA(A.C. Seater),5h 30m,₹528,3.8,0.0,Average
Hyderabad to Vijayawada,https://www.redbus.in/bus-tickets/hyderabad-to-vijayawada,APSRTC - 3822,"SUPER LUXURY (NON-AC, 2 + 2 PUSH BACK)",7h 10m,₹436,3.7,13.0,Average
Hyderabad to Vijayawada,https://www.redbus.in/bus-tickets/hyderabad-to-vijayawada,APSRTC - 9401,"SUPER LUXURY (NON-AC, 2 + 2 PUSH BACK)",7h 50m,₹436,3.4,26.0,Average
Hyderabad to Vijayawada,https://www.redbus.in/bus-tickets/hyderabad-to-vijayawada,APSRTC - 35267,INDRA(A.C. Seater),6h 15m,₹528,3.0,68.0,Average
Hyderabad to Vijayawada,https://www.redbus.in/bus-tickets/hyderabad-to-vijayawada,APSRTC - 3749,"SUPER LUXURY (NON-AC, 2 + 2 PUSH BACK)",7h 25m,₹436,2.7,9.0,Below Average
Hyderabad to Vijayawada,https://www.redbus.in/bus-tickets/hyderabad-to-vijayawada,APSRTC - 3574,AMARAVATHI (VOLVO / SCANIA A.C Multi Axle),6h 45m,₹603,4.3,62.0,Good Service
Hyderabad to Vijayawada,https://www.redbus.in/bus-tickets/hyderabad-to-vijayawada,APSRTC - 9357,"SUPER LUXURY (NON-AC, 2 + 2 PUSH BACK)",7h 35m,₹436,3.4,13.0,Average
Hyderabad to Vijayawada,https://www.redbus.in/bus-tickets/hyderabad-to-vijayawada,APSRTC - 40569,"SUPER LUXURY (NON-AC, 2 + 2 PUSH BACK)",7h 50m,₹480,3.2,23.0,Average
Hyderabad to Vijayawada,https://www.redbus.in/bus-tickets/hyderabad-to-vijayawada,APSRTC - 3634,AMARAVATHI (VOLVO / SCANIA A.C Multi Axle),6h 20m,₹603,3.8,78.0,Average
Hyderabad to Vijayawada,https://www.redbus.in/bus-tickets/hyderabad-to-vijayawada,APSRTC - 3598,"SUPER LUXURY (NON-AC, 2 + 2 PUSH BACK)",7h 25m,₹469,3.7,22.0,Average
Hyderabad to Vijayawada,https://www.redbus.in/bus-tickets/hyderabad-to-vijayawada,APSRTC - 35086,AMARAVATHI (VOLVO / SCANIA A.C Multi Axle),6h 15m,₹603,3.9,51.0,Average
Hyderabad to Vijayawada,https://www.redbus.in/bus-tickets/hyderabad-to-vijayawada,APSRTC - 3580,AMARAVATHI (VOLVO / SCANIA A.C Multi Axle),6h 15m,₹603,4.0,82.0,Good Service
Hyderabad to Vijayawada,https://www.redbus.in/bus-tickets/hyderabad-to-vijayawada,APSRTC - 24256,INDRA(A.C. Seater),5h 5m,₹528,3.1,17.0,Average
Hyderabad to Vijayawada,https://www.redbus.in/bus-tickets/hyderabad-to-vijayawada,APSRTC - 9319,"SUPER LUXURY (NON-AC, 2 + 2 PUSH BACK)",6h,₹436,3.8,23.0,Average
Hyderabad to Vijayawada,https://www.redbus.in/bus-tickets/hyderabad-to-vijayawada,APSRTC - 3576,AMARAVATHI (VOLVO / SCANIA A.C Multi Axle),6h 35m,₹603,4.1,113.0,Good Service
Hyderabad to Vijayawada,https://www.redbus.in/bus-tickets/hyderabad-to-vijayawada,APSRTC - 35154,"SUPER LUXURY (NON-AC, 2 + 2 PUSH BACK)",7h 20m,₹444,3.5,35.0,Average
Hyderabad to Vijayawada,https://www.redbus.in/bus-tickets/hyderabad-to-vijayawada,APSRTC - 9363,"SUPER LUXURY (NON-AC, 2 + 2 PUSH BACK)",6h,₹436,2.7,14.0,Below Average
Hyderabad to Vijayawada,https://www.redbus.in/bus-tickets/hyderabad-to-vijayawada,APSRTC - 24291,INDRA(A.C. Seater),5h,₹528,2.1,23.0,Below Average
Hyderabad to Vijayawada,https://www.redbus.in/bus-tickets/hyderabad-to-vijayawada,APSRTC - 3578,DOLPHIN CRUISE (VOLVO / SCANIA A.C Multi Axle),6h 15m,₹603,3.8,101.0,Average
Hyderabad to Vijayawada,https://www.redbus.in/bus-tickets/hyderabad-to-vijayawada,APSRTC - 3722,"SUPER LUXURY (NON-AC, 2 + 2 PUSH BACK)",6h,₹436,3.0,16.0,Average
Hyderabad to Vijayawada,https://www.redbus.in/bus-tickets/hyderabad-to-vijayawada,APSRTC - 3859,DOLPHIN CRUISE (VOLVO / SCANIA A.C Multi Axle),6h 35m,₹683,3.8,76.0,Average
Hyderabad to Vijayawada,https://www.redbus.in/bus-tickets/hyderabad-to-vijayawada,APSRTC - 3356,NIGHT RIDER (SEATER CUM SLEEPER),7h,₹536,3.4,23.0,Average
Hyderabad to Vijayawada,https://www.redbus.in/bus-tickets/hyderabad-to-vijayawada,APSRTC - 4045,"SUPER LUXURY (NON-AC, 2 + 2 PUSH BACK)",6h 15m,₹436,2.9,14.0,Below Average
Hyderabad to Vijayawada,https://www.redbus.in/bus-tickets/hyderabad-to-vijayawada,APSRTC - 3546,AMARAVATHI (VOLVO / SCANIA A.C Multi Axle),6h 45m,₹603,3.3,70.0,Average
Hyderabad to Vijayawada,https://www.redbus.in/bus-tickets/hyderabad-to-vijayawada,APSRTC - 3500,"SUPER LUXURY (NON-AC, 2 + 2 PUSH BACK)",8h 25m,₹436,2.8,8.0,Below Average
Hyderabad to Vijayawada,https://www.redbus.in/bus-tickets/hyderabad-to-vijayawada,APSRTC - 3376,"SUPER LUXURY (NON-AC, 2 + 2 PUSH BACK)",6h 30m,₹436,3.8,9.0,Average
Hyderabad to Vijayawada,https://www.redbus.in/bus-tickets/hyderabad-to-vijayawada,APSRTC - 2561,INDRA(A.C. Seater),5h 15m,₹528,4.2,16.0,Good Service
Hyderabad to Vijayawada,https://www.redbus.in/bus-tickets/hyderabad-to-vijayawada,APSRTC - 3570,AMARAVATHI (VOLVO / SCANIA A.C Multi Axle),6h 40m,₹603,3.7,50.0,Average
Hyderabad to Vijayawada,https://www.redbus.in/bus-tickets/hyderabad-to-vijayawada,APSRTC - 3366,"SUPER LUXURY (NON-AC, 2 + 2 PUSH BACK)",7h 50m,₹436,3.8,0.0,Average
Hyderabad to Vijayawada,https://www.redbus.in/bus-tickets/hyderabad-to-vijayawada,APSRTC - 3360,AMARAVATHI (VOLVO / SCANIA A.C Multi Axle),7h 5m,₹648,3.5,11.0,Average
Hyderabad to Vijayawada,https://www.redbus.in/bus-tickets/hyderabad-to-vijayawada,APSRTC - 2575,NIGHT RIDER (SEATER CUM SLEEPER),6h 20m,₹512,2.4,16.0,Below Average
Hyderabad to Vijayawada,https://www.redbus.in/bus-tickets/hyderabad-to-vijayawada,APSRTC - 2674,"SUPER LUXURY (NON-AC, 2 + 2 PUSH BACK)",7h 50m,₹436,4.2,14.0,Good Service
Hyderabad to Vijayawada,https://www.redbus.in/bus-tickets/hyderabad-to-vijayawada,APSRTC - 4916,"SUPER LUXURY (NON-AC, 2 + 2 PUSH BACK)",6h 50m,₹436,1.2,6.0,Below Average
Hyderabad to Vijayawada,https://www.redbus.in/bus-tickets/hyderabad-to-vijayawada,APSRTC - 98050,"SUPER LUXURY (NON-AC, 2 + 2 PUSH BACK)",7h,₹436,4.9,5.0,Excellent Service
Hyderabad to Vijayawada,https://www.redbus.in/bus-tickets/hyderabad-to-vijayawada,APSRTC - 2563,INDRA(A.C. Seater),5h 35m,₹449,2.7,13.0,Below Average
Hyderabad to Vijayawada,https://www.redbus.in/bus-tickets/hyderabad-to-vijayawada,APSRTC - 24262,"SUPER LUXURY (NON-AC, 2 + 2 PUSH BACK)",6h 30m,₹436,3.8,0.0,Average
Hyderabad to Vijayawada,https://www.redbus.in/bus-tickets/hyderabad-to-vijayawada,APSRTC - 2680,VENNELA (A.C. SLEEPER),6h 30m,₹703,3.0,16.0,Average
Hyderabad to Vijayawada,https://www.redbus.in/bus-tickets/hyderabad-to-vijayawada,APSRTC - 2798,INDRA(A.C. Seater),6h 35m,₹567,2.6,13.0,Below Average
Hyderabad to Vijayawada,https://www.redbus.in/bus-tickets/hyderabad-to-vijayawada,APSRTC - 2688,"SUPER LUXURY (NON-AC, 2 + 2 PUSH BACK)",6h 45m,₹436,4.8,14.0,Excellent Service
Hyderabad to Vijayawada,https://www.redbus.in/bus-tickets/hyderabad-to-vijayawada,APSRTC - 23534,"SUPER LUXURY (NON-AC, 2 + 2 PUSH BACK)",7h 45m,₹469,3.8,0.0,Average
Hyderabad to Vijayawada,https://www.redbus.in/bus-tickets/hyderabad-to-vijayawada,APSRTC - 4972,"SUPER LUXURY (NON-AC, 2 + 2 PUSH BACK)",7h 10m,₹436,4.0,16.0,Good Service
Hyderabad to Vijayawada,https://www.redbus.in/bus-tickets/hyderabad-to-vijayawada,APSRTC - 2549,NIGHT RIDER (SEATER CUM SLEEPER),6h 10m,₹476,2.3,9.0,Below Average
Hyderabad to Vijayawada,https://www.redbus.in/bus-tickets/hyderabad-to-vijayawada,APSRTC - 3557,AMARAVATHI (VOLVO / SCANIA A.C Multi Axle),7h 15m,₹603,3.2,53.0,Average
Hyderabad to Vijayawada,https://www.redbus.in/bus-tickets/hyderabad-to-vijayawada,APSRTC - 3971,"SUPER LUXURY (NON-AC, 2 + 2 PUSH BACK)",6h 45m,₹436,2.6,10.0,Below Average
Hyderabad to Vijayawada,https://www.redbus.in/bus-tickets/hyderabad-to-vijayawada,APSRTC - 4880,STAR LINER(NON-AC SLEEPER 2+1),6h 10m,₹565,2.4,8.0,Below Average
Hyderabad to Vijayawada,https://www.redbus.in/bus-tickets/hyderabad-to-vijayawada,APSRTC - 4898,"SUPER LUXURY (NON-AC, 2 + 2 PUSH BACK)",6h 30m,₹469,2.2,6.0,Below Average
Hyderabad to Vijayawada,https://www.redbus.in/bus-tickets/hyderabad-to-vijayawada,APSRTC - 2678,NIGHT RIDER (SEATER CUM SLEEPER),6h 20m,₹536,3.8,16.0,Average
Hyderabad to Vijayawada,https://www.redbus.in/bus-tickets/hyderabad-to-vijayawada,APSRTC - 2786,"SUPER LUXURY (NON-AC, 2 + 2 PUSH BACK)",7h 5m,₹469,3.8,16.0,Average
Hyderabad to Vijayawada,https://www.redbus.in/bus-tickets/hyderabad-to-vijayawada,APSRTC - 3697,STAR LINER(NON-AC SLEEPER 2+1),7h,₹565,4.5,23.0,Excellent Service
Hyderabad to Vijayawada,https://www.redbus.in/bus-tickets/hyderabad-to-vijayawada,APSRTC - 4351,STAR LINER(NON-AC SLEEPER 2+1),7h 30m,₹565,4.0,39.0,Good Service
Hyderabad to Vijayawada,https://www.redbus.in/bus-tickets/hyderabad-to-vijayawada,APSRTC - 38202,"SUPER LUXURY (NON-AC, 2 + 2 PUSH BACK)",7h 45m,₹444,4.2,62.0,Good Service
Hyderabad to Vijayawada,https://www.redbus.in/bus-tickets/hyderabad-to-vijayawada,APSRTC - 2876,"SUPER LUXURY (NON-AC, 2 + 2 PUSH BACK)",6h 30m,₹469,4.9,12.0,Excellent Service
Hyderabad to Vijayawada,https://www.redbus.in/bus-tickets/hyderabad-to-vijayawada,APSRTC - 37801,INDRA(A.C. Seater),6h 45m,₹528,4.0,15.0,Good Service
Hyderabad to Vijayawada,https://www.redbus.in/bus-tickets/hyderabad-to-vijayawada,APSRTC - 3977,"SUPER LUXURY (NON-AC, 2 + 2 PUSH BACK)",7h 15m,₹469,3.6,9.0,Average
Hyderabad to Vijayawada,https://www.redbus.in/bus-tickets/hyderabad-to-vijayawada,APSRTC - 3544,"SUPER LUXURY (NON-AC, 2 + 2 PUSH BACK)",7h 15m,₹436,3.9,48.0,Average
Hyderabad to Vijayawada,https://www.redbus.in/bus-tickets/hyderabad-to-vijayawada,APSRTC - 3969,INDRA(A.C. Seater),6h 15m,₹528,3.8,0.0,Average
Hyderabad to Vijayawada,https://www.redbus.in/bus-tickets/hyderabad-to-vijayawada,APSRTC - 4896,"SUPER LUXURY (NON-AC, 2 + 2 PUSH BACK)",6h 25m,₹436,3.8,0.0,Average
Hyderabad to Vijayawada,https://www.redbus.in/bus-tickets/hyderabad-to-vijayawada,APSRTC - 2587,"SUPER LUXURY (NON-AC, 2 + 2 PUSH BACK)",6h 50m,₹469,3.8,0.0,Average
Hyderabad to Vijayawada,https://www.redbus.in/bus-tickets/hyderabad-to-vijayawada,APSRTC - 98680,"SUPER LUXURY (NON-AC, 2 + 2 PUSH BACK)",5h 30m,₹436,3.8,0.0,Average
Hyderabad to Vijayawada,https://www.redbus.in/bus-tickets/hyderabad-to-vijayawada,APSRTC - 4900,"SUPER LUXURY (NON-AC, 2 + 2 PUSH BACK)",6h 50m,₹436,3.8,15.0,Average
Hyderabad to Vijayawada,https://www.redbus.in/bus-tickets/hyderabad-to-vijayawada,APSRTC - 3612,"SUPER LUXURY (NON-AC, 2 + 2 PUSH BACK)",7h 30m,₹436,3.8,126.0,Average
Hyderabad to Vijayawada,https://www.redbus.in/bus-tickets/hyderabad-to-vijayawada,APSRTC - 3962,INDRA(A.C. Seater),6h 50m,₹567,3.8,0.0,Average
Hyderabad to Vijayawada,https://www.redbus.in/bus-tickets/hyderabad-to-vijayawada,APSRTC - 4043,"SUPER LUXURY (NON-AC, 2 + 2 PUSH BACK)",6h 55m,₹436,4.2,42.0,Good Service
Hyderabad to Vijayawada,https://www.redbus.in/bus-tickets/hyderabad-to-vijayawada,APSRTC - 3927,"SUPER LUXURY (NON-AC, 2 + 2 PUSH BACK)",6h,₹452,3.8,0.0,Average
Hyderabad to Vijayawada,https://www.redbus.in/bus-tickets/hyderabad-to-vijayawada,APSRTC - 4795,INDRA(A.C. Seater),6h 40m,₹528,3.3,26.0,Average
Hyderabad to Vijayawada,https://www.redbus.in/bus-tickets/hyderabad-to-vijayawada,APSRTC - 4823,"SUPER LUXURY (NON-AC, 2 + 2 PUSH BACK)",6h 25m,₹436,2.7,10.0,Below Average
Hyderabad to Vijayawada,https://www.redbus.in/bus-tickets/hyderabad-to-vijayawada,APSRTC - 4353,"SUPER LUXURY (NON-AC, 2 + 2 PUSH BACK)",6h 40m,₹469,3.6,7.0,Average
Hyderabad to Vijayawada,https://www.redbus.in/bus-tickets/hyderabad-to-vijayawada,APSRTC - 35212,STAR LINER(NON-AC SLEEPER 2+1),6h 10m,₹565,4.0,10.0,Good Service
Hyderabad to Vijayawada,https://www.redbus.in/bus-tickets/hyderabad-to-vijayawada,APSRTC - 35064,"SUPER LUXURY (NON-AC, 2 + 2 PUSH BACK)",6h 52m,₹480,3.9,30.0,Average
Hyderabad to Vijayawada,https://www.redbus.in/bus-tickets/hyderabad-to-vijayawada,APSRTC - 4920,INDRA(A.C. Seater),6h 50m,₹528,4.4,13.0,Good Service
Hyderabad to Vijayawada,https://www.redbus.in/bus-tickets/hyderabad-to-vijayawada,APSRTC - 3622,"SUPER LUXURY (NON-AC, 2 + 2 PUSH BACK)",7h 5m,₹469,3.8,102.0,Average
Hyderabad to Vijayawada,https://www.redbus.in/bus-tickets/hyderabad-to-vijayawada,APSRTC - 35172,STAR LINER(NON-AC SLEEPER 2+1),7h 30m,₹622,4.3,42.0,Good Service
Hyderabad to Vijayawada,https://www.redbus.in/bus-tickets/hyderabad-to-vijayawada,APSRTC - 9652,"SUPER LUXURY (NON-AC, 2 + 2 PUSH BACK)",7h 5m,₹436,3.7,31.0,Average
Hyderabad to Vijayawada,https://www.redbus.in/bus-tickets/hyderabad-to-vijayawada,APSRTC - 2676,AMARAVATHI (VOLVO / SCANIA A.C Multi Axle),6h 15m,₹603,4.5,29.0,Excellent Service
Hyderabad to Vijayawada,https://www.redbus.in/bus-tickets/hyderabad-to-vijayawada,APSRTC - 4815,"SUPER LUXURY (NON-AC, 2 + 2 PUSH BACK)",6h 35m,₹436,4.7,11.0,Excellent Service
Hyderabad to Vijayawada,https://www.redbus.in/bus-tickets/hyderabad-to-vijayawada,APSRTC - 4936,STAR LINER(NON-AC SLEEPER 2+1),6h,₹607,2.2,8.0,Below Average
Hyderabad to Vijayawada,https://www.redbus.in/bus-tickets/hyderabad-to-vijayawada,APSRTC - 4813,INDRA(A.C. Seater),7h,₹528,3.5,18.0,Average
Hyderabad to Vijayawada,https://www.redbus.in/bus-tickets/hyderabad-to-vijayawada,APSRTC - 4996,INDRA(A.C. Seater),5h 55m,₹567,3.5,15.0,Average
Hyderabad to Vijayawada,https://www.redbus.in/bus-tickets/hyderabad-to-vijayawada,APSRTC - 9655,"SUPER LUXURY (NON-AC, 2 + 2 PUSH BACK)",7h 10m,₹444,3.4,52.0,Average
Hyderabad to Vijayawada,https://www.redbus.in/bus-tickets/hyderabad-to-vijayawada,APSRTC - 3618,"SUPER LUXURY (NON-AC, 2 + 2 PUSH BACK)",7h 30m,₹469,4.0,39.0,Good Service
Hyderabad to Vijayawada,https://www.redbus.in/bus-tickets/hyderabad-to-vijayawada,APSRTC - 3917,"SUPER LUXURY (NON-AC, 2 + 2 PUSH BACK)",7h 10m,₹444,4.0,73.0,Good Service
Hyderabad to Vijayawada,https://www.redbus.in/bus-tickets/hyderabad-to-vijayawada,APSRTC - 4789,STAR LINER(NON-AC SLEEPER 2+1),6h 25m,₹607,4.5,44.0,Excellent Service
Hyderabad to Vijayawada,https://www.redbus.in/bus-tickets/hyderabad-to-vijayawada,APSRTC - 4340,INDRA(A.C. Seater),6h 50m,₹567,4.1,17.0,Good Service
Hyderabad to Vijayawada,https://www.redbus.in/bus-tickets/hyderabad-to-vijayawada,APSRTC - 3691,INDRA(A.C. Seater),6h 20m,₹581,4.0,43.0,Good Service
Hyderabad to Vijayawada,https://www.redbus.in/bus-tickets/hyderabad-to-vijayawada,APSRTC - 4821,"SUPER LUXURY (NON-AC, 2 + 2 PUSH BACK)",6h 20m,₹517,4.5,15.0,Excellent Service
Hyderabad to Vijayawada,https://www.redbus.in/bus-tickets/hyderabad-to-vijayawada,APSRTC - 4355,"SUPER LUXURY (NON-AC, 2 + 2 PUSH BACK)",7h 5m,₹469,3.8,19.0,Average
Hyderabad to Vijayawada,https://www.redbus.in/bus-tickets/hyderabad-to-vijayawada,APSRTC - 4049,"SUPER LUXURY (NON-AC, 2 + 2 PUSH BACK)",7h 20m,₹469,3.7,65.0,Average
Hyderabad to Vijayawada,https://www.redbus.in/bus-tickets/hyderabad-to-vijayawada,APSRTC - 3568,DOLPHIN CRUISE (VOLVO / SCANIA A.C Multi Axle),6h 15m,₹648,3.1,80.0,Average
Hyderabad to Vijayawada,https://www.redbus.in/bus-tickets/hyderabad-to-vijayawada,APSRTC - 3944,"SUPER LUXURY (NON-AC, 2 + 2 PUSH BACK)",6h 25m,₹469,4.3,20.0,Good Service
Hyderabad to Vijayawada,https://www.redbus.in/bus-tickets/hyderabad-to-vijayawada,APSRTC - 3693,NIGHT RIDER (SEATER CUM SLEEPER),6h 35m,₹655,3.9,55.0,Average
Hyderabad to Vijayawada,https://www.redbus.in/bus-tickets/hyderabad-to-vijayawada,APSRTC - 3582,DOLPHIN CRUISE (VOLVO / SCANIA A.C Multi Axle),6h 35m,₹603,3.5,143.0,Average
Hyderabad to Vijayawada,https://www.redbus.in/bus-tickets/hyderabad-to-vijayawada,APSRTC - 9365,"SUPER LUXURY (NON-AC, 2 + 2 PUSH BACK)",7h,₹480,4.1,33.0,Good Service
Hyderabad to Vijayawada,https://www.redbus.in/bus-tickets/hyderabad-to-vijayawada,APSRTC - 3909,"SUPER LUXURY (NON-AC, 2 + 2 PUSH BACK)",7h 5m,₹444,3.8,101.0,Average
Hyderabad to Vijayawada,https://www.redbus.in/bus-tickets/hyderabad-to-vijayawada,APSRTC - 3695,"SUPER LUXURY (NON-AC, 2 + 2 PUSH BACK)",6h 50m,₹480,4.2,20.0,Good Service
Hyderabad to Vijayawada,https://www.redbus.in/bus-tickets/hyderabad-to-vijayawada,APSRTC - 1445,"SUPER LUXURY (NON-AC, 2 + 2 PUSH BACK)",7h,₹436,4.5,52.0,Excellent Service
Hyderabad to Vijayawada,https://www.redbus.in/bus-tickets/hyderabad-to-vijayawada,APSRTC - 3560,INDRA(A.C. Seater),5h 45m,₹528,3.9,94.0,Average
Hyderabad to Vijayawada,https://www.redbus.in/bus-tickets/hyderabad-to-vijayawada,APSRTC - 3824,"SUPER LUXURY (NON-AC, 2 + 2 PUSH BACK)",6h 40m,₹436,4.1,19.0,Good Service
Hyderabad to Vijayawada,https://www.redbus.in/bus-tickets/hyderabad-to-vijayawada,APSRTC - 4791,AMARAVATHI (VOLVO / SCANIA A.C Multi Axle),6h 20m,₹670,4.5,36.0,Excellent Service
Hyderabad to Vijayawada,https://www.redbus.in/bus-tickets/hyderabad-to-vijayawada,APSRTC - 3839,VENNELA (A.C. SLEEPER),6h 10m,₹795,3.7,86.0,Average
Hyderabad to Vijayawada,https://www.redbus.in/bus-tickets/hyderabad-to-vijayawada,APSRTC - 3952,"SUPER LUXURY (NON-AC, 2 + 2 PUSH BACK)",6h 30m,₹436,4.1,31.0,Good Service
Hyderabad to Vijayawada,https://www.redbus.in/bus-tickets/hyderabad-to-vijayawada,APSRTC - 35106,VENNELA (A.C. SLEEPER),5h 40m,₹781,4.5,43.0,Excellent Service
Hyderabad to Vijayawada,https://www.redbus.in/bus-tickets/hyderabad-to-vijayawada,APSRTC - 4371,INDRA(A.C. Seater),6h 25m,₹528,4.5,37.0,Excellent Service
Hyderabad to Vijayawada,https://www.redbus.in/bus-tickets/hyderabad-to-vijayawada,APSRTC - 3542,"SUPER LUXURY (NON-AC, 2 + 2 PUSH BACK)",7h,₹480,3.9,49.0,Average
Hyderabad to Vijayawada,https://www.redbus.in/bus-tickets/hyderabad-to-vijayawada,APSRTC - 23703,"SUPER LUXURY (NON-AC, 2 + 2 PUSH BACK)",5h 15m,₹436,3.8,0.0,Average
Hyderabad to Vijayawada,https://www.redbus.in/bus-tickets/hyderabad-to-vijayawada,APSRTC - 3508,"SUPER LUXURY (NON-AC, 2 + 2 PUSH BACK)",6h 15m,₹436,3.2,40.0,Average
Hyderabad to Vijayawada,https://www.redbus.in/bus-tickets/hyderabad-to-vijayawada,APSRTC - 3883,"SUPER LUXURY (NON-AC, 2 + 2 PUSH BACK)",7h 15m,₹436,3.8,43.0,Average
Hyderabad to Vijayawada,https://www.redbus.in/bus-tickets/hyderabad-to-vijayawada,APSRTC - 3826,"SUPER LUXURY (NON-AC, 2 + 2 PUSH BACK)",6h 50m,₹436,3.4,32.0,Average
Hyderabad to Vijayawada,https://www.redbus.in/bus-tickets/hyderabad-to-vijayawada,APSRTC - 9935,STAR LINER(NON-AC SLEEPER 2+1),6h 15m,₹622,4.1,125.0,Good Service
Hyderabad to Vijayawada,https://www.redbus.in/bus-tickets/hyderabad-to-vijayawada,APSRTC - 3516,"SUPER LUXURY (NON-AC, 2 + 2 PUSH BACK)",6h 55m,₹480,3.5,24.0,Average
Hyderabad to Vijayawada,https://www.redbus.in/bus-tickets/hyderabad-to-vijayawada,APSRTC - 35270,DOLPHIN CRUISE (VOLVO / SCANIA A.C Multi Axle),6h 15m,₹603,3.5,98.0,Average
Hyderabad to Vijayawada,https://www.redbus.in/bus-tickets/hyderabad-to-vijayawada,APSRTC - 3279,VENNELA (A.C. SLEEPER),6h 5m,₹781,4.5,38.0,Excellent Service
Hyderabad to Vijayawada,https://www.redbus.in/bus-tickets/hyderabad-to-vijayawada,APSRTC - 3510,STAR LINER(NON-AC SLEEPER 2+1),6h 15m,₹565,3.9,89.0,Average
Hyderabad to Vijayawada,https://www.redbus.in/bus-tickets/hyderabad-to-vijayawada,APSRTC - 3514,"SUPER LUXURY (NON-AC, 2 + 2 PUSH BACK)",6h 50m,₹469,4.0,113.0,Good Service
Hyderabad to Vijayawada,https://www.redbus.in/bus-tickets/hyderabad-to-vijayawada,APSRTC - 4037,"SUPER LUXURY (NON-AC, 2 + 2 PUSH BACK)",6h 35m,₹480,3.4,91.0,Average
Hyderabad to Vijayawada,https://www.redbus.in/bus-tickets/hyderabad-to-vijayawada,APSRTC - 3502,VENNELA (A.C. SLEEPER),6h 10m,₹839,3.4,40.0,Average
Hyderabad to Vijayawada,https://www.redbus.in/bus-tickets/hyderabad-to-vijayawada,APSRTC - 3887,AMARAVATHI (VOLVO / SCANIA A.C Multi Axle),6h 5m,₹603,4.1,56.0,Good Service
Hyderabad to Vijayawada,https://www.redbus.in/bus-tickets/hyderabad-to-vijayawada,APSRTC - 3658,AMARAVATHI (VOLVO / SCANIA A.C Multi Axle),6h 14m,₹603,4.1,68.0,Good Service
Vijayawada to Hyderabad,https://www.redbus.in/bus-tickets/vijayawada-to-hyderabad,APSRTC - 2572,AMARAVATHI (VOLVO / SCANIA A.C Multi Axle),5h 35m,₹576,3.4,16.0,Average
Vijayawada to Hyderabad,https://www.redbus.in/bus-tickets/vijayawada-to-hyderabad,APSRTC - 37800,INDRA(A.C. Seater),5h 30m,₹567,4.0,17.0,Good Service
Vijayawada to Hyderabad,https://www.redbus.in/bus-tickets/vijayawada-to-hyderabad,APSRTC - 2562,INDRA(A.C. Seater),4h 57m,₹449,2.7,6.0,Below Average
Vijayawada to Hyderabad,https://www.redbus.in/bus-tickets/vijayawada-to-hyderabad,APSRTC - 2677,NIGHT RIDER (SEATER CUM SLEEPER),5h 35m,₹576,2.9,15.0,Below Average
Vijayawada to Hyderabad,https://www.redbus.in/bus-tickets/vijayawada-to-hyderabad,APSRTC - 2777,INDRA(A.C. Seater),6h 10m,₹567,3.6,5.0,Average
Vijayawada to Hyderabad,https://www.redbus.in/bus-tickets/vijayawada-to-hyderabad,APSRTC - 4919,INDRA(A.C. Seater),5h 5m,₹567,4.0,0.0,Good Service
Vijayawada to Hyderabad,https://www.redbus.in/bus-tickets/vijayawada-to-hyderabad,APSRTC - 2574,NIGHT RIDER (SEATER CUM SLEEPER),5h 10m,₹512,3.7,13.0,Average
Vijayawada to Hyderabad,https://www.redbus.in/bus-tickets/vijayawada-to-hyderabad,APSRTC - 2687,"SUPER LUXURY (NON-AC, 2 + 2 PUSH BACK)",4h 51m,₹469,3.7,5.0,Average
Vijayawada to Hyderabad,https://www.redbus.in/bus-tickets/vijayawada-to-hyderabad,APSRTC - 3499,"SUPER LUXURY (NON-AC, 2 + 2 PUSH BACK)",6h 55m,₹469,3.7,6.0,Average
Vijayawada to Hyderabad,https://www.redbus.in/bus-tickets/vijayawada-to-hyderabad,APSRTC - 2875,"SUPER LUXURY (NON-AC, 2 + 2 PUSH BACK)",6h 5m,₹469,3.1,7.0,Average
Vijayawada to Hyderabad,https://www.redbus.in/bus-tickets/vijayawada-to-hyderabad,APSRTC - 2560,INDRA(A.C. Seater),4h 15m,₹528,5.0,4.0,Excellent Service
Vijayawada to Hyderabad,https://www.redbus.in/bus-tickets/vijayawada-to-hyderabad,APSRTC - 2675,AMARAVATHI (VOLVO / SCANIA A.C Multi Axle),5h 50m,₹648,4.7,10.0,Excellent Service
Vijayawada to Hyderabad,https://www.redbus.in/bus-tickets/vijayawada-to-hyderabad,APSRTC - 3365,"SUPER LUXURY (NON-AC, 2 + 2 PUSH BACK)",5h 40m,₹469,4.0,0.0,Good Service
Vijayawada to Hyderabad,https://www.redbus.in/bus-tickets/vijayawada-to-hyderabad,APSRTC - 2548,NIGHT RIDER (SEATER CUM SLEEPER),4h 56m,₹476,4.7,10.0,Excellent Service
Vijayawada to Hyderabad,https://www.redbus.in/bus-tickets/vijayawada-to-hyderabad,APSRTC - 3359,AMARAVATHI (VOLVO / SCANIA A.C Multi Axle),5h 34m,₹648,3.7,20.0,Average
Vijayawada to Hyderabad,https://www.redbus.in/bus-tickets/vijayawada-to-hyderabad,APSRTC - 35105,DOLPHIN CRUISE (VOLVO / SCANIA A.C Multi Axle),6h 15m,₹648,4.4,77.0,Good Service
Vijayawada to Hyderabad,https://www.redbus.in/bus-tickets/vijayawada-to-hyderabad,APSRTC - 3565,AMARAVATHI (VOLVO / SCANIA A.C Multi Axle),6h 5m,₹648,4.3,101.0,Good Service
Vijayawada to Hyderabad,https://www.redbus.in/bus-tickets/vijayawada-to-hyderabad,APSRTC - 9362,"SUPER LUXURY (NON-AC, 2 + 2 PUSH BACK)",5h 55m,₹436,2.7,13.0,Below Average
Vijayawada to Hyderabad,https://www.redbus.in/bus-tickets/vijayawada-to-hyderabad,APSRTC - 4044,"SUPER LUXURY (NON-AC, 2 + 2 PUSH BACK)",6h 40m,₹448,3.5,4.0,Average
Vijayawada to Hyderabad,https://www.redbus.in/bus-tickets/vijayawada-to-hyderabad,APSRTC - 3517,"SUPER LUXURY (NON-AC, 2 + 2 PUSH BACK)",5h 40m,₹436,3.3,11.0,Average
Vijayawada to Hyderabad,https://www.redbus.in/bus-tickets/vijayawada-to-hyderabad,APSRTC - 3567,DOLPHIN CRUISE (VOLVO / SCANIA A.C Multi Axle),6h 30m,₹648,3.9,71.0,Average
Vijayawada to Hyderabad,https://www.redbus.in/bus-tickets/vijayawada-to-hyderabad,APSRTC - 9364,"SUPER LUXURY (NON-AC, 2 + 2 PUSH BACK)",8h 20m,₹480,3.8,12.0,Average
Vijayawada to Hyderabad,https://www.redbus.in/bus-tickets/vijayawada-to-hyderabad,APSRTC - 3589,"SUPER LUXURY (NON-AC, 2 + 2 PUSH BACK)",8h 25m,₹448,4.9,6.0,Excellent Service
Vijayawada to Hyderabad,https://www.redbus.in/bus-tickets/vijayawada-to-hyderabad,APSRTC - 3581,AMARAVATHI (VOLVO / SCANIA A.C Multi Axle),6h 20m,₹648,3.7,72.0,Average
Vijayawada to Hyderabad,https://www.redbus.in/bus-tickets/vijayawada-to-hyderabad,APSRTC - 1446,"SUPER LUXURY (NON-AC, 2 + 2 PUSH BACK)",6h 40m,₹448,4.1,4.0,Good Service
Vijayawada to Hyderabad,https://www.redbus.in/bus-tickets/vijayawada-to-hyderabad,APSRTC - 3882,"SUPER LUXURY (NON-AC, 2 + 2 PUSH BACK)",7h 5m,₹469,4.1,11.0,Good Service
Vijayawada to Hyderabad,https://www.redbus.in/bus-tickets/vijayawada-to-hyderabad,APSRTC - 3593,"SUPER LUXURY (NON-AC, 2 + 2 PUSH BACK)",8h 25m,₹480,4.0,6.0,Good Service
Vijayawada to Hyderabad,https://www.redbus.in/bus-tickets/vijayawada-to-hyderabad,APSRTC - 35119,AMARAVATHI (VOLVO / SCANIA A.C Multi Axle),6h 15m,₹648,3.9,53.0,Average
Vijayawada to Hyderabad,https://www.redbus.in/bus-tickets/vijayawada-to-hyderabad,APSRTC - 9310,"SUPER LUXURY (NON-AC, 2 + 2 PUSH BACK)",6h 35m,₹448,4.7,15.0,Excellent Service
Vijayawada to Hyderabad,https://www.redbus.in/bus-tickets/vijayawada-to-hyderabad,APSRTC - 3543,"SUPER LUXURY (NON-AC, 2 + 2 PUSH BACK)",7h 35m,₹469,3.7,24.0,Average
Vijayawada to Hyderabad,https://www.redbus.in/bus-tickets/vijayawada-to-hyderabad,APSRTC - 23700,"SUPER LUXURY (NON-AC, 2 + 2 PUSH BACK)",4h 30m,₹436,2.7,5.0,Below Average
Vijayawada to Hyderabad,https://www.redbus.in/bus-tickets/vijayawada-to-hyderabad,APSRTC - 3657,AMARAVATHI (VOLVO / SCANIA A.C Multi Axle),5h 55m,₹648,4.1,82.0,Good Service
Vijayawada to Hyderabad,https://www.redbus.in/bus-tickets/vijayawada-to-hyderabad,APSRTC - 3513,"SUPER LUXURY (NON-AC, 2 + 2 PUSH BACK)",9h 1m,₹469,3.2,5.0,Average
Vijayawada to Hyderabad,https://www.redbus.in/bus-tickets/vijayawada-to-hyderabad,APSRTC - 9400,"SUPER LUXURY (NON-AC, 2 + 2 PUSH BACK)",6h 45m,₹480,3.6,9.0,Average
Vijayawada to Hyderabad,https://www.redbus.in/bus-tickets/vijayawada-to-hyderabad,APSRTC - 3858,AMARAVATHI (VOLVO / SCANIA A.C Multi Axle),5h 30m,₹603,4.3,37.0,Good Service
Vijayawada to Hyderabad,https://www.redbus.in/bus-tickets/vijayawada-to-hyderabad,APSRTC - 9356,"SUPER LUXURY (NON-AC, 2 + 2 PUSH BACK)",6h 35m,₹448,4.4,9.0,Good Service
Vijayawada to Hyderabad,https://www.redbus.in/bus-tickets/vijayawada-to-hyderabad,APSRTC - 3571,DOLPHIN CRUISE (VOLVO / SCANIA A.C Multi Axle),6h 34m,₹648,4.2,91.0,Good Service
Vijayawada to Hyderabad,https://www.redbus.in/bus-tickets/vijayawada-to-hyderabad,APSRTC - 2456,INDRA(A.C. Seater),5h 26m,₹528,4.0,10.0,Good Service
Vijayawada to Hyderabad,https://www.redbus.in/bus-tickets/vijayawada-to-hyderabad,APSRTC - 3601,"SUPER LUXURY (NON-AC, 2 + 2 PUSH BACK)",8h 5m,₹480,3.4,19.0,Average
Vijayawada to Hyderabad,https://www.redbus.in/bus-tickets/vijayawada-to-hyderabad,APSRTC - 3823,"SUPER LUXURY (NON-AC, 2 + 2 PUSH BACK)",7h 45m,₹469,3.1,22.0,Average
Vijayawada to Hyderabad,https://www.redbus.in/bus-tickets/vijayawada-to-hyderabad,APSRTC - 3515,"SUPER LUXURY (NON-AC, 2 + 2 PUSH BACK)",8h,₹480,2.7,9.0,Below Average
Vijayawada to Hyderabad,https://www.redbus.in/bus-tickets/vijayawada-to-hyderabad,APSRTC - 4725,INDRA(A.C. Seater),5h,₹528,2.1,5.0,Below Average
Vijayawada to Hyderabad,https://www.redbus.in/bus-tickets/vijayawada-to-hyderabad,APSRTC - 35269,DOLPHIN CRUISE (VOLVO / SCANIA A.C Multi Axle),5h 55m,₹648,4.1,71.0,Good Service
Vijayawada to Hyderabad,https://www.redbus.in/bus-tickets/vijayawada-to-hyderabad,APSRTC - 23879,"SUPER LUXURY (NON-AC, 2 + 2 PUSH BACK)",4h 10m,₹436,3.0,4.0,Average
Vijayawada to Hyderabad,https://www.redbus.in/bus-tickets/vijayawada-to-hyderabad,APSRTC - 3562,"SUPER LUXURY (NON-AC, 2 + 2 PUSH BACK)",6h 35m,₹448,2.6,9.0,Below Average
Vijayawada to Hyderabad,https://www.redbus.in/bus-tickets/vijayawada-to-hyderabad,APSRTC - 3886,AMARAVATHI (VOLVO / SCANIA A.C Multi Axle),5h,₹603,4.0,72.0,Good Service
Vijayawada to Hyderabad,https://www.redbus.in/bus-tickets/vijayawada-to-hyderabad,APSRTC - 3825,"SUPER LUXURY (NON-AC, 2 + 2 PUSH BACK)",6h 51m,₹469,3.8,16.0,Average
Vijayawada to Hyderabad,https://www.redbus.in/bus-tickets/vijayawada-to-hyderabad,APSRTC - 3549,"SUPER LUXURY (NON-AC, 2 + 2 PUSH BACK)",6h 30m,₹448,4.2,12.0,Good Service
Vijayawada to Hyderabad,https://www.redbus.in/bus-tickets/vijayawada-to-hyderabad,APSRTC - 3583,DOLPHIN CRUISE (VOLVO / SCANIA A.C Multi Axle),6h,₹648,3.9,88.0,Average
Vijayawada to Hyderabad,https://www.redbus.in/bus-tickets/vijayawada-to-hyderabad,APSRTC - 35117,INDRA(A.C. Seater),6h 10m,₹567,3.9,56.0,Average
Vijayawada to Hyderabad,https://www.redbus.in/bus-tickets/vijayawada-to-hyderabad,APSRTC - 3525,"SUPER LUXURY (NON-AC, 2 + 2 PUSH BACK)",8h,₹480,4.2,16.0,Good Service
Vijayawada to Hyderabad,https://www.redbus.in/bus-tickets/vijayawada-to-hyderabad,APSRTC - 23704,"SUPER LUXURY (NON-AC, 2 + 2 PUSH BACK)",4h 55m,₹436,4.0,0.0,Good Service
Vijayawada to Hyderabad,https://www.redbus.in/bus-tickets/vijayawada-to-hyderabad,APSRTC - 4052,"SUPER LUXURY (NON-AC, 2 + 2 PUSH BACK)",6h 30m,₹448,4.3,9.0,Good Service
Vijayawada to Hyderabad,https://www.redbus.in/bus-tickets/vijayawada-to-hyderabad,APSRTC - 3573,DOLPHIN CRUISE (VOLVO / SCANIA A.C Multi Axle),5h 55m,₹648,3.5,86.0,Average
Vijayawada to Hyderabad,https://www.redbus.in/bus-tickets/vijayawada-to-hyderabad,APSRTC - 35061,"SUPER LUXURY (NON-AC, 2 + 2 PUSH BACK)",8h 10m,₹469,2.7,5.0,Below Average
Vijayawada to Hyderabad,https://www.redbus.in/bus-tickets/vijayawada-to-hyderabad,APSRTC - 35133,DOLPHIN CRUISE (VOLVO / SCANIA A.C Multi Axle),5h 55m,₹648,2.9,80.0,Below Average
Vijayawada to Hyderabad,https://www.redbus.in/bus-tickets/vijayawada-to-hyderabad,APSRTC - 3585,AMARAVATHI (VOLVO / SCANIA A.C Multi Axle),5h 55m,₹648,3.8,100.0,Average
Vijayawada to Hyderabad,https://www.redbus.in/bus-tickets/vijayawada-to-hyderabad,APSRTC - 24251,INDRA(A.C. Seater),5h,₹528,2.3,5.0,Below Average
Vijayawada to Hyderabad,https://www.redbus.in/bus-tickets/vijayawada-to-hyderabad,APSRTC - 35271,INDRA(A.C. Seater),6h 10m,₹567,3.3,63.0,Average
Vijayawada to Hyderabad,https://www.redbus.in/bus-tickets/vijayawada-to-hyderabad,APSRTC - 35135,AMARAVATHI (VOLVO / SCANIA A.C Multi Axle),6h 22m,₹648,4.4,73.0,Good Service
Vijayawada to Hyderabad,https://www.redbus.in/bus-tickets/vijayawada-to-hyderabad,APSRTC - 35085,AMARAVATHI (VOLVO / SCANIA A.C Multi Axle),6h 55m,₹648,3.7,55.0,Average
Vijayawada to Hyderabad,https://www.redbus.in/bus-tickets/vijayawada-to-hyderabad,APSRTC - 3613,"SUPER LUXURY (NON-AC, 2 + 2 PUSH BACK)",7h 42m,₹480,3.9,12.0,Average
Vijayawada to Hyderabad,https://www.redbus.in/bus-tickets/vijayawada-to-hyderabad,APSRTC - 23507,INDRA(A.C. Seater),4h 26m,₹528,2.1,12.0,Below Average
Vijayawada to Hyderabad,https://www.redbus.in/bus-tickets/vijayawada-to-hyderabad,APSRTC - 21242,"SUPER LUXURY (NON-AC, 2 + 2 PUSH BACK)",4h 45m,₹436,4.0,0.0,Good Service
Vijayawada to Hyderabad,https://www.redbus.in/bus-tickets/vijayawada-to-hyderabad,APSRTC - 9316,"SUPER LUXURY (NON-AC, 2 + 2 PUSH BACK)",7h 50m,₹480,4.4,66.0,Good Service
Vijayawada to Hyderabad,https://www.redbus.in/bus-tickets/vijayawada-to-hyderabad,APSRTC - 35189,AMARAVATHI (VOLVO / SCANIA A.C Multi Axle),5h 5m,₹603,4.5,38.0,Excellent Service
Vijayawada to Hyderabad,https://www.redbus.in/bus-tickets/vijayawada-to-hyderabad,APSRTC - 4046,"SUPER LUXURY (NON-AC, 2 + 2 PUSH BACK)",6h 40m,₹469,3.8,41.0,Average
Vijayawada to Hyderabad,https://www.redbus.in/bus-tickets/vijayawada-to-hyderabad,APSRTC - 9651,"SUPER LUXURY (NON-AC, 2 + 2 PUSH BACK)",7h 41m,₹480,4.2,63.0,Good Service
Vijayawada to Hyderabad,https://www.redbus.in/bus-tickets/vijayawada-to-hyderabad,APSRTC - 9654,"SUPER LUXURY (NON-AC, 2 + 2 PUSH BACK)",7h 40m,₹469,3.7,53.0,Average
Vijayawada to Hyderabad,https://www.redbus.in/bus-tickets/vijayawada-to-hyderabad,APSRTC - 35023,"SUPER LUXURY (NON-AC, 2 + 2 PUSH BACK)",7h 30m,₹469,4.7,17.0,Excellent Service
Vijayawada to Hyderabad,https://www.redbus.in/bus-tickets/vijayawada-to-hyderabad,APSRTC - 3916,"SUPER LUXURY (NON-AC, 2 + 2 PUSH BACK)",5h 5m,₹469,4.5,67.0,Excellent Service
Vijayawada to Hyderabad,https://www.redbus.in/bus-tickets/vijayawada-to-hyderabad,APSRTC - 35179,VENNELA (A.C. SLEEPER),4h 50m,₹781,4.7,39.0,Excellent Service
Vijayawada to Hyderabad,https://www.redbus.in/bus-tickets/vijayawada-to-hyderabad,APSRTC - 40568,"SUPER LUXURY (NON-AC, 2 + 2 PUSH BACK)",8h 10m,₹469,3.6,39.0,Average
Vijayawada to Hyderabad,https://www.redbus.in/bus-tickets/vijayawada-to-hyderabad,APSRTC - 3970,"SUPER LUXURY (NON-AC, 2 + 2 PUSH BACK)",6h 20m,₹488,4.5,11.0,Excellent Service
Vijayawada to Hyderabad,https://www.redbus.in/bus-tickets/vijayawada-to-hyderabad,APSRTC - 38201,"SUPER LUXURY (NON-AC, 2 + 2 PUSH BACK)",6h 5m,₹469,3.6,30.0,Average
Vijayawada to Hyderabad,https://www.redbus.in/bus-tickets/vijayawada-to-hyderabad,APSRTC - 3908,"SUPER LUXURY (NON-AC, 2 + 2 PUSH BACK)",6h 25m,₹480,3.6,73.0,Average
Vijayawada to Hyderabad,https://www.redbus.in/bus-tickets/vijayawada-to-hyderabad,APSRTC - 35155,AMARAVATHI (VOLVO / SCANIA A.C Multi Axle),5h 42m,₹648,4.4,62.0,Good Service
Vijayawada to Hyderabad,https://www.redbus.in/bus-tickets/vijayawada-to-hyderabad,APSRTC - 4048,"SUPER LUXURY (NON-AC, 2 + 2 PUSH BACK)",6h 20m,₹469,3.9,70.0,Average
Vijayawada to Hyderabad,https://www.redbus.in/bus-tickets/vijayawada-to-hyderabad,APSRTC - 35118,INDRA(A.C. Seater),6h 50m,₹567,3.0,70.0,Average
Vijayawada to Hyderabad,https://www.redbus.in/bus-tickets/vijayawada-to-hyderabad,APSRTC - 4320,INDRA(A.C. Seater),6h 25m,₹567,3.5,21.0,Average
Vijayawada to Hyderabad,https://www.redbus.in/bus-tickets/vijayawada-to-hyderabad,APSRTC - 98049,"SUPER LUXURY (NON-AC, 2 + 2 PUSH BACK)",4h 55m,₹469,1.9,5.0,Below Average
Vijayawada to Hyderabad,https://www.redbus.in/bus-tickets/vijayawada-to-hyderabad,APSRTC - 4792,INDRA(A.C. Seater),7h 5m,₹567,4.3,34.0,Good Service
Vijayawada to Hyderabad,https://www.redbus.in/bus-tickets/vijayawada-to-hyderabad,APSRTC - 35265,VENNELA (A.C. SLEEPER),5h,₹781,4.0,20.0,Good Service
Vijayawada to Hyderabad,https://www.redbus.in/bus-tickets/vijayawada-to-hyderabad,APSRTC - 3509,STAR LINER(NON-AC SLEEPER 2+1),5h 44m,₹607,4.0,77.0,Good Service
Vijayawada to Hyderabad,https://www.redbus.in/bus-tickets/vijayawada-to-hyderabad,APSRTC - 3575,AMARAVATHI (VOLVO / SCANIA A.C Multi Axle),6h 25m,₹648,3.8,79.0,Average
Vijayawada to Hyderabad,https://www.redbus.in/bus-tickets/vijayawada-to-hyderabad,APSRTC - 9934,STAR LINER(NON-AC SLEEPER 2+1),7h 15m,₹607,4.5,125.0,Excellent Service
Vijayawada to Hyderabad,https://www.redbus.in/bus-tickets/vijayawada-to-hyderabad,APSRTC - 3635,"SUPER LUXURY (NON-AC, 2 + 2 PUSH BACK)",6h 35m,₹469,4.6,67.0,Excellent Service
Vijayawada to Hyderabad,https://www.redbus.in/bus-tickets/vijayawada-to-hyderabad,APSRTC - 3943,"SUPER LUXURY (NON-AC, 2 + 2 PUSH BACK)",7h 4m,₹469,3.8,4.0,Average
Vijayawada to Hyderabad,https://www.redbus.in/bus-tickets/vijayawada-to-hyderabad,APSRTC - 3696,STAR LINER(NON-AC SLEEPER 2+1),5h 55m,₹607,4.2,35.0,Good Service
Vijayawada to Hyderabad,https://www.redbus.in/bus-tickets/vijayawada-to-hyderabad,APSRTC - 3545,DOLPHIN CRUISE (VOLVO / SCANIA A.C Multi Axle),6h 4m,₹648,4.0,92.0,Good Service
Vijayawada to Hyderabad,https://www.redbus.in/bus-tickets/vijayawada-to-hyderabad,APSRTC - 35063,"SUPER LUXURY (NON-AC, 2 + 2 PUSH BACK)",7h 38m,₹469,4.5,50.0,Excellent Service
Vijayawada to Hyderabad,https://www.redbus.in/bus-tickets/vijayawada-to-hyderabad,APSRTC - 3838,VENNELA (A.C. SLEEPER),5h 45m,₹839,3.9,111.0,Average
Vijayawada to Hyderabad,https://www.redbus.in/bus-tickets/vijayawada-to-hyderabad,APSRTC - 4727,"SUPER LUXURY (NON-AC, 2 + 2 PUSH BACK)",6h 49m,₹469,4.6,7.0,Excellent Service
Vijayawada to Hyderabad,https://www.redbus.in/bus-tickets/vijayawada-to-hyderabad,APSRTC - 4350,STAR LINER(NON-AC SLEEPER 2+1),5h 31m,₹607,4.4,33.0,Good Service
Vijayawada to Hyderabad,https://www.redbus.in/bus-tickets/vijayawada-to-hyderabad,APSRTC - 3609,"SUPER LUXURY (NON-AC, 2 + 2 PUSH BACK)",7h 52m,₹469,4.6,30.0,Excellent Service
Vijayawada to Hyderabad,https://www.redbus.in/bus-tickets/vijayawada-to-hyderabad,APSRTC - 3694,"SUPER LUXURY (NON-AC, 2 + 2 PUSH BACK)",7h 25m,₹469,4.3,5.0,Good Service
Vijayawada to Hyderabad,https://www.redbus.in/bus-tickets/vijayawada-to-hyderabad,APSRTC - 3926,"SUPER LUXURY (NON-AC, 2 + 2 PUSH BACK)",6h 20m,₹446,4.0,0.0,Good Service
Vijayawada to Hyderabad,https://www.redbus.in/bus-tickets/vijayawada-to-hyderabad,APSRTC - 3961,INDRA(A.C. Seater),6h 29m,₹567,4.0,31.0,Good Service
Vijayawada to Hyderabad,https://www.redbus.in/bus-tickets/vijayawada-to-hyderabad,APSRTC - 3968,INDRA(A.C. Seater),6h 7m,₹567,4.1,10.0,Good Service
Vijayawada to Hyderabad,https://www.redbus.in/bus-tickets/vijayawada-to-hyderabad,APSRTC - 3692,NIGHT RIDER (SEATER CUM SLEEPER),6h 31m,₹639,4.1,45.0,Good Service
Vijayawada to Hyderabad,https://www.redbus.in/bus-tickets/vijayawada-to-hyderabad,APSRTC - 3900,"SUPER LUXURY (NON-AC, 2 + 2 PUSH BACK)",5h 20m,₹469,4.4,138.0,Good Service
Vijayawada to Hyderabad,https://www.redbus.in/bus-tickets/vijayawada-to-hyderabad,APSRTC - 3569,INDRA(A.C. Seater),4h 58m,₹567,4.3,75.0,Good Service
Vijayawada to Hyderabad,https://www.redbus.in/bus-tickets/vijayawada-to-hyderabad,APSRTC - 3888,VENNELA (A.C. SLEEPER),4h 45m,₹781,4.0,58.0,Good Service
Vijayawada to Hyderabad,https://www.redbus.in/bus-tickets/vijayawada-to-hyderabad,APSRTC - 3278,VENNELA (A.C. SLEEPER),5h 45m,₹839,4.5,91.0,Excellent Service
Vijayawada to Hyderabad,https://www.redbus.in/bus-tickets/vijayawada-to-hyderabad,APSRTC - 4790,AMARAVATHI (VOLVO / SCANIA A.C Multi Axle),6h 15m,₹720,4.7,46.0,Excellent Service
Vijayawada to Hyderabad,https://www.redbus.in/bus-tickets/vijayawada-to-hyderabad,APSRTC - 2785,"SUPER LUXURY (NON-AC, 2 + 2 PUSH BACK)",6h 45m,₹469,3.5,28.0,Average
Vijayawada to Hyderabad,https://www.redbus.in/bus-tickets/vijayawada-to-hyderabad,APSRTC - 3976,"SUPER LUXURY (NON-AC, 2 + 2 PUSH BACK)",6h 35m,₹469,4.0,0.0,Good Service
Vijayawada to Hyderabad,https://www.redbus.in/bus-tickets/vijayawada-to-hyderabad,APSRTC - 4352,"SUPER LUXURY (NON-AC, 2 + 2 PUSH BACK)",6h 15m,₹469,3.4,7.0,Average
Vijayawada to Hyderabad,https://www.redbus.in/bus-tickets/vijayawada-to-hyderabad,APSRTC - 3690,INDRA(A.C. Seater),6h 41m,₹567,4.6,23.0,Excellent Service
Vijayawada to Hyderabad,https://www.redbus.in/bus-tickets/vijayawada-to-hyderabad,APSRTC - 35211,STAR LINER(NON-AC SLEEPER 2+1),6h 5m,₹607,3.2,17.0,Average
Vijayawada to Hyderabad,https://www.redbus.in/bus-tickets/vijayawada-to-hyderabad,APSRTC - 3951,"SUPER LUXURY (NON-AC, 2 + 2 PUSH BACK)",6h 49m,₹469,4.5,20.0,Excellent Service
Vijayawada to Hyderabad,https://www.redbus.in/bus-tickets/vijayawada-to-hyderabad,APSRTC - 4812,INDRA(A.C. Seater),5h 5m,₹567,3.1,16.0,Average
Vijayawada to Hyderabad,https://www.redbus.in/bus-tickets/vijayawada-to-hyderabad,APSRTC - 23702,"SUPER LUXURY (NON-AC, 2 + 2 PUSH BACK)",5h 30m,₹436,3.7,16.0,Average
Vijayawada to Hyderabad,https://www.redbus.in/bus-tickets/vijayawada-to-hyderabad,APSRTC - 3633,AMARAVATHI (VOLVO / SCANIA A.C Multi Axle),6h 12m,₹648,4.1,146.0,Good Service
Vijayawada to Hyderabad,https://www.redbus.in/bus-tickets/vijayawada-to-hyderabad,APSRTC - 4995,INDRA(A.C. Seater),5h 35m,₹567,3.5,17.0,Average
Vijayawada to Hyderabad,https://www.redbus.in/bus-tickets/vijayawada-to-hyderabad,APSRTC - 4354,"SUPER LUXURY (NON-AC, 2 + 2 PUSH BACK)",6h 14m,₹469,3.7,13.0,Average
Vijayawada to Hyderabad,https://www.redbus.in/bus-tickets/vijayawada-to-hyderabad,APSRTC - 4178,AMARAVATHI (VOLVO / SCANIA A.C Multi Axle),5h 55m,₹720,4.0,56.0,Good Service
Vijayawada to Hyderabad,https://www.redbus.in/bus-tickets/vijayawada-to-hyderabad,APSRTC - 4814,"SUPER LUXURY (NON-AC, 2 + 2 PUSH BACK)",5h 30m,₹469,4.6,9.0,Excellent Service
Vijayawada to Hyderabad,https://www.redbus.in/bus-tickets/vijayawada-to-hyderabad,APSRTC - 35171,STAR LINER(NON-AC SLEEPER 2+1),6h 57m,₹607,3.6,27.0,Average
Vijayawada to Hyderabad,https://www.redbus.in/bus-tickets/vijayawada-to-hyderabad,APSRTC - 3057,VENNELA (A.C. SLEEPER),5h,₹781,4.2,66.0,Good Service
Vijayawada to Hyderabad,https://www.redbus.in/bus-tickets/vijayawada-to-hyderabad,APSRTC - 4369,INDRA(A.C. Seater),5h 59m,₹567,4.4,15.0,Good Service
Vijayawada to Hyderabad,https://www.redbus.in/bus-tickets/vijayawada-to-hyderabad,APSRTC - 3535,VENNELA (A.C. SLEEPER),5h 45m,₹839,3.8,77.0,Average
Vijayawada to Hyderabad,https://www.redbus.in/bus-tickets/vijayawada-to-hyderabad,APSRTC - 24255,INDRA(A.C. Seater),4h 55m,₹528,4.0,9.0,Good Service
Vijayawada to Hyderabad,https://www.redbus.in/bus-tickets/vijayawada-to-hyderabad,APSRTC - 3533,"SUPER LUXURY (NON-AC, 2 + 2 PUSH BACK)",5h 30m,₹436,3.8,54.0,Average
Vijayawada to Hyderabad,https://www.redbus.in/bus-tickets/vijayawada-to-hyderabad,APSRTC - 2673,"SUPER LUXURY (NON-AC, 2 + 2 PUSH BACK)",4h 56m,₹469,4.1,9.0,Good Service
Kakinada to Visakhapatnam,https://www.redbus.in/bus-tickets/kakinada-to-visakhapatnam,APSRTC - 2538,"SUPER LUXURY (NON-AC, 2 + 2 PUSH BACK)",4h,₹281,3.2,5.0,Average
Kakinada to Visakhapatnam,https://www.redbus.in/bus-tickets/kakinada-to-visakhapatnam,APSRTC - 2837,"SUPER LUXURY (NON-AC, 2 + 2 PUSH BACK)",3h 15m,₹281,3.9,0.0,Average
Kakinada to Visakhapatnam,https://www.redbus.in/bus-tickets/kakinada-to-visakhapatnam,APSRTC - 23551,"SUPER LUXURY (NON-AC, 2 + 2 PUSH BACK)",4h,₹281,4.2,7.0,Good Service
Kakinada to Visakhapatnam,https://www.redbus.in/bus-tickets/kakinada-to-visakhapatnam,APSRTC - 2536,INDRA(A.C. Seater),3h 22m,₹306,4.6,10.0,Excellent Service
Kakinada to Visakhapatnam,https://www.redbus.in/bus-tickets/kakinada-to-visakhapatnam,APSRTC - 23537,"SUPER LUXURY (NON-AC, 2 + 2 PUSH BACK)",4h 30m,₹281,3.9,0.0,Average
Kakinada to Visakhapatnam,https://www.redbus.in/bus-tickets/kakinada-to-visakhapatnam,APSRTC - 4864,"SUPER LUXURY (NON-AC, 2 + 2 PUSH BACK)",3h 15m,₹281,3.9,0.0,Average
Kakinada to Visakhapatnam,https://www.redbus.in/bus-tickets/kakinada-to-visakhapatnam,APSRTC - 3712,"SUPER LUXURY (NON-AC, 2 + 2 PUSH BACK)",4h 10m,₹281,3.9,0.0,Average
Kakinada to Visakhapatnam,https://www.redbus.in/bus-tickets/kakinada-to-visakhapatnam,APSRTC - 3714,"SUPER LUXURY (NON-AC, 2 + 2 PUSH BACK)",3h 55m,₹281,4.4,4.0,Good Service
Kakinada to Visakhapatnam,https://www.redbus.in/bus-tickets/kakinada-to-visakhapatnam,APSRTC - 2651,"SUPER LUXURY (NON-AC, 2 + 2 PUSH BACK)",3h,₹281,3.8,44.0,Average
Kakinada to Visakhapatnam,https://www.redbus.in/bus-tickets/kakinada-to-visakhapatnam,APSRTC - 2653,"SUPER LUXURY (NON-AC, 2 + 2 PUSH BACK)",3h,₹281,4.2,51.0,Good Service
Kakinada to Visakhapatnam,https://www.redbus.in/bus-tickets/kakinada-to-visakhapatnam,APSRTC - 2855,"ULTRA DELUXE (NON-AC, 2+2 PUSH BACK)",4h 30m,₹269,3.9,15.0,Average
Kakinada to Visakhapatnam,https://www.redbus.in/bus-tickets/kakinada-to-visakhapatnam,APSRTC - 2214,"SUPER LUXURY (NON-AC, 2 + 2 PUSH BACK)",4h 30m,₹281,3.3,6.0,Average
Kakinada to Visakhapatnam,https://www.redbus.in/bus-tickets/kakinada-to-visakhapatnam,APSRTC - 2659,INDRA(A.C. Seater),3h,₹340,4.4,93.0,Good Service
Kakinada to Visakhapatnam,https://www.redbus.in/bus-tickets/kakinada-to-visakhapatnam,APSRTC - 23547,"SUPER LUXURY (NON-AC, 2 + 2 PUSH BACK)",4h 30m,₹281,3.9,0.0,Average
Kakinada to Visakhapatnam,https://www.redbus.in/bus-tickets/kakinada-to-visakhapatnam,APSRTC - 2530,"SUPER LUXURY (NON-AC, 2 + 2 PUSH BACK)",4h 30m,₹281,3.9,0.0,Average
Chittoor (Andhra Pradesh) to Bangalore,https://www.redbus.in/bus-tickets/chittoor-andhra-pradesh-to-bangalore,APSRTC - 5118,"SUPER LUXURY (NON-AC, 2 + 2 PUSH BACK)",2h 50m,₹304,3.7,19.0,Average
Chittoor (Andhra Pradesh) to Bangalore,https://www.redbus.in/bus-tickets/chittoor-andhra-pradesh-to-bangalore,APSRTC - 9035,Express Non AC Seater 2+3,3h 13m,₹183,4.0,77.0,Good Service
Chittoor (Andhra Pradesh) to Bangalore,https://www.redbus.in/bus-tickets/chittoor-andhra-pradesh-to-bangalore,APSRTC - 9057,Express Non AC Seater 2+3,3h 15m,₹183,4.3,48.0,Good Service
Chittoor (Andhra Pradesh) to Bangalore,https://www.redbus.in/bus-tickets/chittoor-andhra-pradesh-to-bangalore,APSRTC - 9129,Express Non AC Seater 2+3,3h 50m,₹202,3.8,52.0,Average
Chittoor (Andhra Pradesh) to Bangalore,https://www.redbus.in/bus-tickets/chittoor-andhra-pradesh-to-bangalore,APSRTC - 9037,Express Non AC Seater 2+3,3h 25m,₹183,4.2,59.0,Good Service
Chittoor (Andhra Pradesh) to Bangalore,https://www.redbus.in/bus-tickets/chittoor-andhra-pradesh-to-bangalore,APSRTC - 47053,Express Non AC Seater 2+3,3h 40m,₹183,4.1,66.0,Good Service
Chittoor (Andhra Pradesh) to Bangalore,https://www.redbus.in/bus-tickets/chittoor-andhra-pradesh-to-bangalore,APSRTC - 5753,Express Non AC Seater 2+3,3h 15m,₹183,4.4,39.0,Good Service
Chittoor (Andhra Pradesh) to Bangalore,https://www.redbus.in/bus-tickets/chittoor-andhra-pradesh-to-bangalore,APSRTC - 9602,Express Non AC Seater 2+3,3h 15m,₹183,3.6,26.0,Average
Chittoor (Andhra Pradesh) to Bangalore,https://www.redbus.in/bus-tickets/chittoor-andhra-pradesh-to-bangalore,APSRTC - 5671,Express Non AC Seater 2+3,3h 25m,₹239,4.3,63.0,Good Service
Chittoor (Andhra Pradesh) to Bangalore,https://www.redbus.in/bus-tickets/chittoor-andhra-pradesh-to-bangalore,APSRTC - 9045,Express Non AC Seater 2+3,4h 25m,₹218,3.8,41.0,Average
Chittoor (Andhra Pradesh) to Bangalore,https://www.redbus.in/bus-tickets/chittoor-andhra-pradesh-to-bangalore,APSRTC - 5514,Express Non AC Seater 2+3,3h 25m,₹183,4.4,26.0,Good Service
Chittoor (Andhra Pradesh) to Bangalore,https://www.redbus.in/bus-tickets/chittoor-andhra-pradesh-to-bangalore,APSRTC - 9886,Express Non AC Seater 2+3,4h 17m,₹202,4.0,0.0,Good Service
Chittoor (Andhra Pradesh) to Bangalore,https://www.redbus.in/bus-tickets/chittoor-andhra-pradesh-to-bangalore,APSRTC - 5647,Express Non AC Seater 2+3,4h 5m,₹183,3.6,41.0,Average
Chittoor (Andhra Pradesh) to Bangalore,https://www.redbus.in/bus-tickets/chittoor-andhra-pradesh-to-bangalore,APSRTC - 9043,Express Non AC Seater 2+3,3h 20m,₹183,3.5,65.0,Average
Chittoor (Andhra Pradesh) to Bangalore,https://www.redbus.in/bus-tickets/chittoor-andhra-pradesh-to-bangalore,APSRTC - 5398,"ULTRA DELUXE (NON-AC, 2+2 PUSH BACK)",4h 15m,₹229,4.2,27.0,Good Service
Chittoor (Andhra Pradesh) to Bangalore,https://www.redbus.in/bus-tickets/chittoor-andhra-pradesh-to-bangalore,APSRTC - 5073,INDRA(A.C. Seater),2h 50m,₹359,4.0,0.0,Good Service
Chittoor (Andhra Pradesh) to Bangalore,https://www.redbus.in/bus-tickets/chittoor-andhra-pradesh-to-bangalore,APSRTC - 5390,"SUPER LUXURY (NON-AC, 2 + 2 PUSH BACK)",3h 35m,₹281,4.4,59.0,Good Service
Chittoor (Andhra Pradesh) to Bangalore,https://www.redbus.in/bus-tickets/chittoor-andhra-pradesh-to-bangalore,APSRTC - 47224,Express Non AC Seater 2+3,3h 35m,₹202,4.5,35.0,Excellent Service
Chittoor (Andhra Pradesh) to Bangalore,https://www.redbus.in/bus-tickets/chittoor-andhra-pradesh-to-bangalore,APSRTC - 4565,Express Non AC Seater 2+3,3h,₹183,2.3,14.0,Below Average
Chittoor (Andhra Pradesh) to Bangalore,https://www.redbus.in/bus-tickets/chittoor-andhra-pradesh-to-bangalore,APSRTC - 9047,Express Non AC Seater 2+3,3h 25m,₹183,3.9,37.0,Average
Chittoor (Andhra Pradesh) to Bangalore,https://www.redbus.in/bus-tickets/chittoor-andhra-pradesh-to-bangalore,APSRTC - 9007,Express Non AC Seater 2+3,4h 15m,₹239,4.4,42.0,Good Service
Chittoor (Andhra Pradesh) to Bangalore,https://www.redbus.in/bus-tickets/chittoor-andhra-pradesh-to-bangalore,APSRTC - 5075,AMARAVATHI (VOLVO / SCANIA A.C Multi Axle),3h 25m,₹487,4.0,0.0,Good Service
Chittoor (Andhra Pradesh) to Bangalore,https://www.redbus.in/bus-tickets/chittoor-andhra-pradesh-to-bangalore,APSRTC - 47236,Express Non AC Seater 2+3,3h 25m,₹239,3.5,31.0,Average
Chittoor (Andhra Pradesh) to Bangalore,https://www.redbus.in/bus-tickets/chittoor-andhra-pradesh-to-bangalore,APSRTC - 9011,Express Non AC Seater 2+3,4h,₹183,4.3,46.0,Good Service
Chittoor (Andhra Pradesh) to Bangalore,https://www.redbus.in/bus-tickets/chittoor-andhra-pradesh-to-bangalore,APSRTC - 9049,Express Non AC Seater 2+3,4h 25m,₹239,4.2,75.0,Good Service
Chittoor (Andhra Pradesh) to Bangalore,https://www.redbus.in/bus-tickets/chittoor-andhra-pradesh-to-bangalore,APSRTC - 9888,Express Non AC Seater 2+3,4h 35m,₹202,3.2,22.0,Average
Chittoor (Andhra Pradesh) to Bangalore,https://www.redbus.in/bus-tickets/chittoor-andhra-pradesh-to-bangalore,APSRTC - 9003,Express Non AC Seater 2+3,4h 25m,₹239,4.2,28.0,Good Service
Chittoor (Andhra Pradesh) to Bangalore,https://www.redbus.in/bus-tickets/chittoor-andhra-pradesh-to-bangalore,APSRTC - 9041,Express Non AC Seater 2+3,4h 25m,₹239,4.2,29.0,Good Service
Chittoor (Andhra Pradesh) to Bangalore,https://www.redbus.in/bus-tickets/chittoor-andhra-pradesh-to-bangalore,APSRTC - 9061,Express Non AC Seater 2+3,4h 25m,₹239,4.4,48.0,Good Service
Chittoor (Andhra Pradesh) to Bangalore,https://www.redbus.in/bus-tickets/chittoor-andhra-pradesh-to-bangalore,APSRTC - 5524,Express Non AC Seater 2+3,4h 10m,₹239,3.4,24.0,Average
Chittoor (Andhra Pradesh) to Bangalore,https://www.redbus.in/bus-tickets/chittoor-andhra-pradesh-to-bangalore,APSRTC - 9080,Express Non AC Seater 2+3,4h 25m,₹239,4.3,42.0,Good Service
Chittoor (Andhra Pradesh) to Bangalore,https://www.redbus.in/bus-tickets/chittoor-andhra-pradesh-to-bangalore,APSRTC - 5528,"SUPER LUXURY (NON-AC, 2 + 2 PUSH BACK)",4h 31m,₹334,4.4,32.0,Good Service
Bangalore to Tirupati,https://www.redbus.in/bus-tickets/bangalore-to-tirupathi,APSRTC - 9048,Express Non AC Seater 2+3,7h,₹312,4.3,16.0,Good Service
Bangalore to Tirupati,https://www.redbus.in/bus-tickets/bangalore-to-tirupathi,APSRTC - 5491,SAPTAGIRI EXPRESS,6h,₹312,3.7,81.0,Average
Bangalore to Tirupati,https://www.redbus.in/bus-tickets/bangalore-to-tirupathi,APSRTC - 9775,"SUPER LUXURY (NON-AC, 2 + 2 PUSH BACK)",6h 15m,₹426,3.4,34.0,Average
Bangalore to Tirupati,https://www.redbus.in/bus-tickets/bangalore-to-tirupathi,APSRTC - 5627,"ULTRA DELUXE (NON-AC, 2+2 PUSH BACK)",6h,₹362,4.6,29.0,Excellent Service
Bangalore to Tirupati,https://www.redbus.in/bus-tickets/bangalore-to-tirupathi,APSRTC - 3507,"SUPER LUXURY (NON-AC, 2 + 2 PUSH BACK)",6h 30m,₹426,3.9,30.0,Average
Bangalore to Tirupati,https://www.redbus.in/bus-tickets/bangalore-to-tirupathi,APSRTC - 5519,SAPTAGIRI EXPRESS,6h,₹296,3.8,11.0,Average
Bangalore to Tirupati,https://www.redbus.in/bus-tickets/bangalore-to-tirupathi,APSRTC - 5621,"ULTRA DELUXE (NON-AC, 2+2 PUSH BACK)",6h,₹362,3.5,29.0,Average
Bangalore to Tirupati,https://www.redbus.in/bus-tickets/bangalore-to-tirupathi,APSRTC - 5505,SAPTAGIRI EXPRESS,6h,₹312,4.1,29.0,Good Service
Bangalore to Tirupati,https://www.redbus.in/bus-tickets/bangalore-to-tirupathi,APSRTC - 5074,INDRA(A.C. Seater),6h,₹506,4.3,28.0,Good Service
Bangalore to Tirupati,https://www.redbus.in/bus-tickets/bangalore-to-tirupathi,APSRTC - 9036,Express Non AC Seater 2+3,6h 20m,₹312,3.7,16.0,Average
Bangalore to Tirupati,https://www.redbus.in/bus-tickets/bangalore-to-tirupathi,APSRTC - 3765,"SUPER LUXURY (NON-AC, 2 + 2 PUSH BACK)",6h 45m,₹426,4.4,19.0,Good Service
Bangalore to Tirupati,https://www.redbus.in/bus-tickets/bangalore-to-tirupathi,APSRTC - 9058,Express Non AC Seater 2+3,6h 5m,₹312,4.4,9.0,Good Service
Bangalore to Tirupati,https://www.redbus.in/bus-tickets/bangalore-to-tirupathi,APSRTC - 5724,Express Non AC Seater 2+3,6h 30m,₹327,3.8,0.0,Average
Bangalore to Tirupati,https://www.redbus.in/bus-tickets/bangalore-to-tirupathi,APSRTC - 5192,Express Non AC Seater 2+3,6h 15m,₹296,3.8,0.0,Average
Bangalore to Tirupati,https://www.redbus.in/bus-tickets/bangalore-to-tirupathi,APSRTC - 5451,"SUPER LUXURY (NON-AC, 2 + 2 PUSH BACK)",6h,₹426,4.2,24.0,Good Service
Bangalore to Tirupati,https://www.redbus.in/bus-tickets/bangalore-to-tirupathi,APSRTC - 47172,INDRA(A.C. Seater),5h 15m,₹506,3.6,30.0,Average
Bangalore to Tirupati,https://www.redbus.in/bus-tickets/bangalore-to-tirupathi,APSRTC - 5455,"SUPER LUXURY (NON-AC, 2 + 2 PUSH BACK)",6h,₹426,4.3,20.0,Good Service
Bangalore to Tirupati,https://www.redbus.in/bus-tickets/bangalore-to-tirupathi,APSRTC - 5359,Express Non AC Seater 2+3,7h 15m,₹334,3.8,0.0,Average
Bangalore to Tirupati,https://www.redbus.in/bus-tickets/bangalore-to-tirupathi,APSRTC - 5080,AMARAVATHI (VOLVO / SCANIA A.C Multi Axle),5h 25m,₹674,4.3,36.0,Good Service
Bangalore to Tirupati,https://www.redbus.in/bus-tickets/bangalore-to-tirupathi,APSRTC - 5533,"SUPER LUXURY (NON-AC, 2 + 2 PUSH BACK)",6h,₹426,3.4,25.0,Average
Bangalore to Tirupati,https://www.redbus.in/bus-tickets/bangalore-to-tirupathi,APSRTC - 5751,Express Non AC Seater 2+3,6h 20m,₹312,4.0,11.0,Good Service
Bangalore to Tirupati,https://www.redbus.in/bus-tickets/bangalore-to-tirupathi,APSRTC - 5513,SAPTAGIRI EXPRESS,6h,₹317,3.3,29.0,Average
Bangalore to Tirupati,https://www.redbus.in/bus-tickets/bangalore-to-tirupathi,APSRTC - 35292,"SUPER LUXURY (NON-AC, 2 + 2 PUSH BACK)",6h 30m,₹426,4.5,23.0,Excellent Service
Bangalore to Tirupati,https://www.redbus.in/bus-tickets/bangalore-to-tirupathi,APSRTC - 2638,AMARAVATHI (VOLVO / SCANIA A.C Multi Axle),5h 45m,₹540,3.5,47.0,Average
Bangalore to Tirupati,https://www.redbus.in/bus-tickets/bangalore-to-tirupathi,APSRTC - 5471,SAPTAGIRI EXPRESS,6h,₹312,3.6,26.0,Average
Bangalore to Tirupati,https://www.redbus.in/bus-tickets/bangalore-to-tirupathi,APSRTC - 9603,Express Non AC Seater 2+3,6h 20m,₹312,3.1,12.0,Average
Bangalore to Tirupati,https://www.redbus.in/bus-tickets/bangalore-to-tirupathi,APSRTC - 3879,"SUPER LUXURY (NON-AC, 2 + 2 PUSH BACK)",6h 45m,₹426,4.4,21.0,Good Service
Bangalore to Tirupati,https://www.redbus.in/bus-tickets/bangalore-to-tirupathi,APSRTC - 5467,SAPTAGIRI EXPRESS,6h,₹312,4.4,26.0,Good Service
Bangalore to Tirupati,https://www.redbus.in/bus-tickets/bangalore-to-tirupathi,APSRTC - 4157,"SUPER LUXURY (NON-AC, 2 + 2 PUSH BACK)",6h 15m,₹426,3.9,26.0,Average
Bangalore to Tirupati,https://www.redbus.in/bus-tickets/bangalore-to-tirupathi,APSRTC - 4310,"SUPER LUXURY (NON-AC, 2 + 2 PUSH BACK)",5h 45m,₹426,3.6,42.0,Average
Bangalore to Tirupati,https://www.redbus.in/bus-tickets/bangalore-to-tirupathi,APSRTC - 3871,VENNELA (A.C. SLEEPER),5h 55m,₹585,3.9,12.0,Average
Bangalore to Tirupati,https://www.redbus.in/bus-tickets/bangalore-to-tirupathi,APSRTC - 9020,Express Non AC Seater 2+3,6h 25m,₹312,2.9,14.0,Below Average
Bangalore to Tirupati,https://www.redbus.in/bus-tickets/bangalore-to-tirupathi,APSRTC - 4020,"SUPER LUXURY (NON-AC, 2 + 2 PUSH BACK)",5h 35m,₹426,3.3,36.0,Average
Bangalore to Tirupati,https://www.redbus.in/bus-tickets/bangalore-to-tirupathi,APSRTC - 47211,Express Non AC Seater 2+3,6h 20m,₹312,3.2,24.0,Average
Bangalore to Tirupati,https://www.redbus.in/bus-tickets/bangalore-to-tirupathi,APSRTC - 4610,"SUPER LUXURY (NON-AC, 2 + 2 PUSH BACK)",6h,₹426,3.7,33.0,Average
Bangalore to Tirupati,https://www.redbus.in/bus-tickets/bangalore-to-tirupathi,APSRTC - 5082,"SUPER LUXURY (NON-AC, 2 + 2 PUSH BACK)",6h 5m,₹426,3.5,18.0,Average
Bangalore to Tirupati,https://www.redbus.in/bus-tickets/bangalore-to-tirupathi,APSRTC - 5501,SAPTAGIRI EXPRESS,6h,₹312,3.5,50.0,Average
Bangalore to Tirupati,https://www.redbus.in/bus-tickets/bangalore-to-tirupathi,APSRTC - 5497,SAPTAGIRI EXPRESS,6h,₹312,3.9,53.0,Average
Bangalore to Tirupati,https://www.redbus.in/bus-tickets/bangalore-to-tirupathi,APSRTC - 5084,"SUPER LUXURY (NON-AC, 2 + 2 PUSH BACK)",6h 5m,₹426,4.2,22.0,Good Service
Bangalore to Tirupati,https://www.redbus.in/bus-tickets/bangalore-to-tirupathi,APSRTC - 5119,"SUPER LUXURY (NON-AC, 2 + 2 PUSH BACK)",6h 10m,₹426,3.8,19.0,Average
Bangalore to Tirupati,https://www.redbus.in/bus-tickets/bangalore-to-tirupathi,APSRTC - 5672,Express Non AC Seater 2+3,6h 25m,₹296,4.2,28.0,Good Service
Bangalore to Tirupati,https://www.redbus.in/bus-tickets/bangalore-to-tirupathi,APSRTC - 5457,"SUPER LUXURY (NON-AC, 2 + 2 PUSH BACK)",6h,₹426,3.7,33.0,Average
Bangalore to Tirupati,https://www.redbus.in/bus-tickets/bangalore-to-tirupathi,APSRTC - 5449,"SUPER LUXURY (NON-AC, 2 + 2 PUSH BACK)",7h,₹426,4.7,13.0,Excellent Service
Bangalore to Tirupati,https://www.redbus.in/bus-tickets/bangalore-to-tirupathi,APSRTC - 5094,"SUPER LUXURY (NON-AC, 2 + 2 PUSH BACK)",5h 35m,₹426,2.8,11.0,Below Average
Bangalore to Tirupati,https://www.redbus.in/bus-tickets/bangalore-to-tirupathi,APSRTC - 5315,"SUPER LUXURY (NON-AC, 2 + 2 PUSH BACK)",6h 15m,₹426,4.3,15.0,Good Service
Bangalore to Tirupati,https://www.redbus.in/bus-tickets/bangalore-to-tirupathi,APSRTC - 5447,"SUPER LUXURY (NON-AC, 2 + 2 PUSH BACK)",6h,₹426,3.5,37.0,Average
Bangalore to Tirupati,https://www.redbus.in/bus-tickets/bangalore-to-tirupathi,APSRTC - 5086,"SUPER LUXURY (NON-AC, 2 + 2 PUSH BACK)",5h 35m,₹426,3.4,27.0,Average
Bangalore to Tirupati,https://www.redbus.in/bus-tickets/bangalore-to-tirupathi,APSRTC - 47148,INDRA(A.C. Seater),5h 15m,₹506,4.2,95.0,Good Service
Bangalore to Tirupati,https://www.redbus.in/bus-tickets/bangalore-to-tirupathi,APSRTC - 5463,SAPTAGIRI EXPRESS,6h,₹312,4.2,74.0,Good Service
Bangalore to Tirupati,https://www.redbus.in/bus-tickets/bangalore-to-tirupathi,APSRTC - 47239,Express Non AC Seater 2+3,7h 30m,₹312,3.6,28.0,Average
Bangalore to Tirupati,https://www.redbus.in/bus-tickets/bangalore-to-tirupathi,APSRTC - 5459,SAPTAGIRI EXPRESS,6h,₹312,3.2,51.0,Average
Bangalore to Tirupati,https://www.redbus.in/bus-tickets/bangalore-to-tirupathi,APSRTC - 5465,SAPTAGIRI EXPRESS,6h,₹312,4.5,46.0,Excellent Service
Bangalore to Tirupati,https://www.redbus.in/bus-tickets/bangalore-to-tirupathi,APSRTC - 5453,"SUPER LUXURY (NON-AC, 2 + 2 PUSH BACK)",6h,₹426,4.0,80.0,Good Service
Bangalore to Tirupati,https://www.redbus.in/bus-tickets/bangalore-to-tirupathi,APSRTC - 5461,SAPTAGIRI EXPRESS,6h,₹312,3.9,91.0,Average
Hyderabad to Ongole,https://www.redbus.in/bus-tickets/hyderabad-to-ongole,APSRTC - 45776,"SUPER LUXURY (NON-AC, 2 + 2 PUSH BACK)",8h 10m,₹522,3.5,83.0,Average
Hyderabad to Ongole,https://www.redbus.in/bus-tickets/hyderabad-to-ongole,APSRTC - 5870,"SUPER LUXURY (NON-AC, 2 + 2 PUSH BACK)",9h 30m,₹555,4.8,11.0,Excellent Service
Hyderabad to Ongole,https://www.redbus.in/bus-tickets/hyderabad-to-ongole,APSRTC - 5070,"SUPER LUXURY (NON-AC, 2 + 2 PUSH BACK)",8h 40m,₹556,1.8,16.0,Below Average
Hyderabad to Ongole,https://www.redbus.in/bus-tickets/hyderabad-to-ongole,APSRTC - 5859,"SUPER LUXURY (NON-AC, 2 + 2 PUSH BACK)",9h,₹555,4.0,15.0,Good Service
Hyderabad to Ongole,https://www.redbus.in/bus-tickets/hyderabad-to-ongole,APSRTC - 48821,"SUPER LUXURY (NON-AC, 2 + 2 PUSH BACK)",9h 15m,₹522,3.9,25.0,Average
Hyderabad to Ongole,https://www.redbus.in/bus-tickets/hyderabad-to-ongole,APSRTC - 5054,"SUPER LUXURY (NON-AC, 2 + 2 PUSH BACK)",9h 45m,₹556,3.5,18.0,Average
Hyderabad to Ongole,https://www.redbus.in/bus-tickets/hyderabad-to-ongole,APSRTC - 5867,"SUPER LUXURY (NON-AC, 2 + 2 PUSH BACK)",11h 30m,₹602,3.9,0.0,Average
Hyderabad to Ongole,https://www.redbus.in/bus-tickets/hyderabad-to-ongole,APSRTC - 5994,"SUPER LUXURY (NON-AC, 2 + 2 PUSH BACK)",10h 15m,₹555,4.3,12.0,Good Service
Hyderabad to Ongole,https://www.redbus.in/bus-tickets/hyderabad-to-ongole,APSRTC - 5181,"SUPER LUXURY (NON-AC, 2 + 2 PUSH BACK)",9h,₹556,2.7,8.0,Below Average
Hyderabad to Ongole,https://www.redbus.in/bus-tickets/hyderabad-to-ongole,APSRTC - 5922,"SUPER LUXURY (NON-AC, 2 + 2 PUSH BACK)",9h 20m,₹555,4.2,21.0,Good Service
Hyderabad to Ongole,https://www.redbus.in/bus-tickets/hyderabad-to-ongole,APSRTC - 5916,"SUPER LUXURY (NON-AC, 2 + 2 PUSH BACK)",9h 10m,₹605,3.4,4.0,Average
Hyderabad to Ongole,https://www.redbus.in/bus-tickets/hyderabad-to-ongole,APSRTC - 5906,INDRA(A.C. Seater),9h 30m,₹671,3.2,60.0,Average
Hyderabad to Ongole,https://www.redbus.in/bus-tickets/hyderabad-to-ongole,APSRTC - 5926,"SUPER LUXURY (NON-AC, 2 + 2 PUSH BACK)",9h 30m,₹555,4.0,46.0,Good Service
Hyderabad to Ongole,https://www.redbus.in/bus-tickets/hyderabad-to-ongole,APSRTC - 5896,"SUPER LUXURY (NON-AC, 2 + 2 PUSH BACK)",9h,₹555,4.0,9.0,Good Service
Hyderabad to Ongole,https://www.redbus.in/bus-tickets/hyderabad-to-ongole,APSRTC - 5381,"SUPER LUXURY (NON-AC, 2 + 2 PUSH BACK)",10h 30m,₹624,3.9,0.0,Average
Hyderabad to Ongole,https://www.redbus.in/bus-tickets/hyderabad-to-ongole,APSRTC - 5020,DOLPHIN CRUISE (VOLVO / SCANIA A.C Multi Axle),7h 45m,₹855,4.3,31.0,Good Service
Hyderabad to Ongole,https://www.redbus.in/bus-tickets/hyderabad-to-ongole,APSRTC - 5876,"SUPER LUXURY (NON-AC, 2 + 2 PUSH BACK)",9h,₹555,3.4,33.0,Average
Hyderabad to Ongole,https://www.redbus.in/bus-tickets/hyderabad-to-ongole,APSRTC - 5914,"SUPER LUXURY (NON-AC, 2 + 2 PUSH BACK)",8h 50m,₹555,3.9,29.0,Average
Hyderabad to Ongole,https://www.redbus.in/bus-tickets/hyderabad-to-ongole,APSRTC - 5928,"SUPER LUXURY (NON-AC, 2 + 2 PUSH BACK)",8h 15m,₹555,4.4,48.0,Good Service
Hyderabad to Ongole,https://www.redbus.in/bus-tickets/hyderabad-to-ongole,APSRTC - 58231,"SUPER LUXURY (NON-AC, 2 + 2 PUSH BACK)",8h 55m,₹522,3.5,42.0,Average
Hyderabad to Ongole,https://www.redbus.in/bus-tickets/hyderabad-to-ongole,APSRTC - 48604,AMARAVATHI (VOLVO / SCANIA A.C Multi Axle),8h 10m,₹802,3.9,61.0,Average
Hyderabad to Ongole,https://www.redbus.in/bus-tickets/hyderabad-to-ongole,APSRTC - 5863,"SUPER LUXURY (NON-AC, 2 + 2 PUSH BACK)",8h 15m,₹555,4.1,50.0,Good Service
Hyderabad to Ongole,https://www.redbus.in/bus-tickets/hyderabad-to-ongole,APSRTC - 5902,STAR LINER(NON-AC SLEEPER 2+1),8h 45m,₹719,4.1,89.0,Good Service
Hyderabad to Ongole,https://www.redbus.in/bus-tickets/hyderabad-to-ongole,APSRTC - 45902,"SUPER LUXURY (NON-AC, 2 + 2 PUSH BACK)",9h 20m,₹555,4.5,43.0,Excellent Service
Hyderabad to Ongole,https://www.redbus.in/bus-tickets/hyderabad-to-ongole,APSRTC - 5958,STAR LINER(NON-AC SLEEPER 2+1),8h 10m,₹719,4.3,32.0,Good Service
Hyderabad to Ongole,https://www.redbus.in/bus-tickets/hyderabad-to-ongole,APSRTC - 5920,VENNELA (A.C. SLEEPER),8h 15m,₹992,3.8,107.0,Average
Hyderabad to Ongole,https://www.redbus.in/bus-tickets/hyderabad-to-ongole,APSRTC - 48493,"SUPER LUXURY (NON-AC, 2 + 2 PUSH BACK)",8h 25m,₹522,4.0,46.0,Good Service
Hyderabad to Ongole,https://www.redbus.in/bus-tickets/hyderabad-to-ongole,APSRTC - 5904,DOLPHIN CRUISE (VOLVO / SCANIA A.C Multi Axle),8h 5m,₹852,4.0,33.0,Good Service
Hyderabad to Ongole,https://www.redbus.in/bus-tickets/hyderabad-to-ongole,APSRTC - 5857,STAR LINER(NON-AC SLEEPER 2+1),8h 20m,₹719,3.2,25.0,Average
Hyderabad to Ongole,https://www.redbus.in/bus-tickets/hyderabad-to-ongole,APSRTC - 9228,"SUPER LUXURY (NON-AC, 2 + 2 PUSH BACK)",8h 20m,₹555,3.6,58.0,Average
Hyderabad to Ongole,https://www.redbus.in/bus-tickets/hyderabad-to-ongole,APSRTC - 5379,INDRA(A.C. Seater),7h 55m,₹671,4.1,117.0,Good Service
Hyderabad to Ongole,https://www.redbus.in/bus-tickets/hyderabad-to-ongole,APSRTC - 5974,STAR LINER(NON-AC SLEEPER 2+1),8h 30m,₹719,3.9,75.0,Average
Bangalore to Kadapa,https://www.redbus.in/bus-tickets/bangalore-to-kadapa,APSRTC - 50145,"SUPER LUXURY (NON-AC, 2 + 2 PUSH BACK)",7h,₹472,3.5,40.0,Average
Bangalore to Kadapa,https://www.redbus.in/bus-tickets/bangalore-to-kadapa,APSRTC - 6204,"SUPER LUXURY (NON-AC, 2 + 2 PUSH BACK)",6h 30m,₹472,3.7,21.0,Average
Bangalore to Kadapa,https://www.redbus.in/bus-tickets/bangalore-to-kadapa,APSRTC - 6206,"SUPER LUXURY (NON-AC, 2 + 2 PUSH BACK)",6h 30m,₹472,4.4,22.0,Good Service
Bangalore to Kadapa,https://www.redbus.in/bus-tickets/bangalore-to-kadapa,APSRTC - 50182,"SUPER LUXURY (NON-AC, 2 + 2 PUSH BACK)",7h,₹472,3.3,20.0,Average
Bangalore to Kadapa,https://www.redbus.in/bus-tickets/bangalore-to-kadapa,APSRTC - 6011,"SUPER LUXURY (NON-AC, 2 + 2 PUSH BACK)",7h,₹472,3.3,28.0,Average
Bangalore to Kadapa,https://www.redbus.in/bus-tickets/bangalore-to-kadapa,APSRTC - 50103,"ULTRA DELUXE (NON-AC, 2+2 PUSH BACK)",6h 45m,₹412,3.8,35.0,Average
Bangalore to Kadapa,https://www.redbus.in/bus-tickets/bangalore-to-kadapa,APSRTC - 6019,"SUPER LUXURY (NON-AC, 2 + 2 PUSH BACK)",7h,₹472,4.7,21.0,Excellent Service
Bangalore to Kadapa,https://www.redbus.in/bus-tickets/bangalore-to-kadapa,APSRTC - 6074,INDRA(A.C. Seater),6h 30m,₹526,3.7,65.0,Average
Bangalore to Kadapa,https://www.redbus.in/bus-tickets/bangalore-to-kadapa,APSRTC - 6066,"SUPER LUXURY (NON-AC, 2 + 2 PUSH BACK)",7h,₹472,3.2,46.0,Average
Bangalore to Kadapa,https://www.redbus.in/bus-tickets/bangalore-to-kadapa,APSRTC - 9267,INDRA(A.C. Seater),6h 30m,₹526,3.0,64.0,Average
Bangalore to Kadapa,https://www.redbus.in/bus-tickets/bangalore-to-kadapa,APSRTC - 9255,"SUPER LUXURY (NON-AC, 2 + 2 PUSH BACK)",7h,₹472,3.6,54.0,Average
Bangalore to Kadapa,https://www.redbus.in/bus-tickets/bangalore-to-kadapa,APSRTC - 6015,"SUPER LUXURY (NON-AC, 2 + 2 PUSH BACK)",7h,₹472,3.6,37.0,Average
Bangalore to Kadapa,https://www.redbus.in/bus-tickets/bangalore-to-kadapa,APSRTC - 50194,AMARAVATHI (VOLVO / SCANIA A.C Multi Axle),6h 30m,₹716,4.1,106.0,Good Service
Bangalore to Kadapa,https://www.redbus.in/bus-tickets/bangalore-to-kadapa,APSRTC - 50013,"SUPER LUXURY (NON-AC, 2 + 2 PUSH BACK)",7h,₹472,3.6,40.0,Average
Bangalore to Kadapa,https://www.redbus.in/bus-tickets/bangalore-to-kadapa,APSRTC - 6005,"SUPER LUXURY (NON-AC, 2 + 2 PUSH BACK)",7h,₹472,3.5,39.0,Average
Bangalore to Kadapa,https://www.redbus.in/bus-tickets/bangalore-to-kadapa,APSRTC - 5779,"SUPER LUXURY (NON-AC, 2 + 2 PUSH BACK)",6h 35m,₹496,2.0,20.0,Below Average
Bangalore to Kadapa,https://www.redbus.in/bus-tickets/bangalore-to-kadapa,APSRTC - 5284,"SUPER LUXURY (NON-AC, 2 + 2 PUSH BACK)",8h,₹472,3.7,0.0,Average
Bangalore to Kadapa,https://www.redbus.in/bus-tickets/bangalore-to-kadapa,APSRTC - 5226,"SUPER LUXURY (NON-AC, 2 + 2 PUSH BACK)",8h 15m,₹512,3.7,0.0,Average
Bangalore to Kadapa,https://www.redbus.in/bus-tickets/bangalore-to-kadapa,APSRTC - 5296,"SUPER LUXURY (NON-AC, 2 + 2 PUSH BACK)",8h,₹512,2.9,4.0,Below Average
Bangalore to Kadapa,https://www.redbus.in/bus-tickets/bangalore-to-kadapa,APSRTC - 7745,"SUPER LUXURY (NON-AC, 2 + 2 PUSH BACK)",8h 10m,₹496,3.5,5.0,Average
Bangalore to Kadapa,https://www.redbus.in/bus-tickets/bangalore-to-kadapa,APSRTC - 48484,"SUPER LUXURY (NON-AC, 2 + 2 PUSH BACK)",7h 25m,₹496,3.7,0.0,Average
Bangalore to Kadapa,https://www.redbus.in/bus-tickets/bangalore-to-kadapa,APSRTC - 46152,"SUPER LUXURY (NON-AC, 2 + 2 PUSH BACK)",7h 15m,₹512,3.7,0.0,Average
Bangalore to Kadapa,https://www.redbus.in/bus-tickets/bangalore-to-kadapa,APSRTC - 50079,"SUPER LUXURY (NON-AC, 2 + 2 PUSH BACK)",7h,₹472,3.8,29.0,Average
Bangalore to Kadapa,https://www.redbus.in/bus-tickets/bangalore-to-kadapa,APSRTC - 6558,"SUPER LUXURY (NON-AC, 2 + 2 PUSH BACK)",6h 30m,₹472,3.7,7.0,Average
Bangalore to Kadapa,https://www.redbus.in/bus-tickets/bangalore-to-kadapa,APSRTC - 6017,"SUPER LUXURY (NON-AC, 2 + 2 PUSH BACK)",7h,₹472,3.9,40.0,Average
Bangalore to Kadapa,https://www.redbus.in/bus-tickets/bangalore-to-kadapa,APSRTC - 50062,"SUPER LUXURY (NON-AC, 2 + 2 PUSH BACK)",7h,₹472,3.9,50.0,Average
Bangalore to Kadapa,https://www.redbus.in/bus-tickets/bangalore-to-kadapa,APSRTC - 6241,"ULTRA DELUXE (NON-AC, 2+2 PUSH BACK)",6h 30m,₹412,2.8,43.0,Below Average
Bangalore to Kadapa,https://www.redbus.in/bus-tickets/bangalore-to-kadapa,APSRTC - 9253,INDRA(A.C. Seater),7h,₹526,3.9,76.0,Average
Bangalore to Kadapa,https://www.redbus.in/bus-tickets/bangalore-to-kadapa,APSRTC - 50805,"SUPER LUXURY (NON-AC, 2 + 2 PUSH BACK)",6h,₹472,3.8,36.0,Average
Bangalore to Kadapa,https://www.redbus.in/bus-tickets/bangalore-to-kadapa,APSRTC - 6007,INDRA(A.C. Seater),7h,₹526,3.9,92.0,Average
Bangalore to Kadapa,https://www.redbus.in/bus-tickets/bangalore-to-kadapa,APSRTC - 6208,"SUPER LUXURY (NON-AC, 2 + 2 PUSH BACK)",6h 5m,₹472,3.9,42.0,Average
Bangalore to Kadapa,https://www.redbus.in/bus-tickets/bangalore-to-kadapa,APSRTC - 9489,"SUPER LUXURY (NON-AC, 2 + 2 PUSH BACK)",6h,₹472,3.2,40.0,Average
Bangalore to Kadapa,https://www.redbus.in/bus-tickets/bangalore-to-kadapa,APSRTC - 50192,AMARAVATHI (VOLVO / SCANIA A.C Multi Axle),5h 15m,₹716,3.7,91.0,Average
Bangalore to Kadapa,https://www.redbus.in/bus-tickets/bangalore-to-kadapa,APSRTC - 6238,"SUPER LUXURY (NON-AC, 2 + 2 PUSH BACK)",6h,₹472,4.2,88.0,Good Service
Bangalore to Kadapa,https://www.redbus.in/bus-tickets/bangalore-to-kadapa,APSRTC - 9257,AMARAVATHI (VOLVO / SCANIA A.C Multi Axle),5h 15m,₹716,3.8,83.0,Average
Ongole to Hyderabad,https://www.redbus.in/bus-tickets/ongole-to-hyderabad,APSRTC - 45775,"SUPER LUXURY (NON-AC, 2 + 2 PUSH BACK)",7h 30m,₹555,3.6,77.0,Average
Ongole to Hyderabad,https://www.redbus.in/bus-tickets/ongole-to-hyderabad,APSRTC - 5380,"SUPER LUXURY (NON-AC, 2 + 2 PUSH BACK)",10h 6m,₹624,3.9,9.0,Average
Ongole to Hyderabad,https://www.redbus.in/bus-tickets/ongole-to-hyderabad,APSRTC - 5866,"SUPER LUXURY (NON-AC, 2 + 2 PUSH BACK)",10h 1m,₹602,4.7,8.0,Excellent Service
Ongole to Hyderabad,https://www.redbus.in/bus-tickets/ongole-to-hyderabad,APSRTC - 5913,"SUPER LUXURY (NON-AC, 2 + 2 PUSH BACK)",9h 6m,₹567,4.5,15.0,Excellent Service
Ongole to Hyderabad,https://www.redbus.in/bus-tickets/ongole-to-hyderabad,APSRTC - 45901,"SUPER LUXURY (NON-AC, 2 + 2 PUSH BACK)",7h 20m,₹555,4.0,39.0,Good Service
Ongole to Hyderabad,https://www.redbus.in/bus-tickets/ongole-to-hyderabad,APSRTC - 5915,"SUPER LUXURY (NON-AC, 2 + 2 PUSH BACK)",8h 5m,₹605,4.0,6.0,Good Service
Ongole to Hyderabad,https://www.redbus.in/bus-tickets/ongole-to-hyderabad,APSRTC - 5725,"SUPER LUXURY (NON-AC, 2 + 2 PUSH BACK)",7h 25m,₹555,4.2,46.0,Good Service
Ongole to Hyderabad,https://www.redbus.in/bus-tickets/ongole-to-hyderabad,APSRTC - 48820,"SUPER LUXURY (NON-AC, 2 + 2 PUSH BACK)",7h 25m,₹555,4.1,29.0,Good Service
Ongole to Hyderabad,https://www.redbus.in/bus-tickets/ongole-to-hyderabad,APSRTC - 5957,STAR LINER(NON-AC SLEEPER 2+1),6h 30m,₹719,4.8,48.0,Excellent Service
Ongole to Hyderabad,https://www.redbus.in/bus-tickets/ongole-to-hyderabad,APSRTC - 5927,"SUPER LUXURY (NON-AC, 2 + 2 PUSH BACK)",6h 35m,₹555,4.4,45.0,Good Service
Ongole to Hyderabad,https://www.redbus.in/bus-tickets/ongole-to-hyderabad,APSRTC - 5895,"SUPER LUXURY (NON-AC, 2 + 2 PUSH BACK)",7h 20m,₹555,4.6,17.0,Excellent Service
Ongole to Hyderabad,https://www.redbus.in/bus-tickets/ongole-to-hyderabad,APSRTC - 5973,STAR LINER(NON-AC SLEEPER 2+1),7h 30m,₹719,4.4,77.0,Good Service
Ongole to Hyderabad,https://www.redbus.in/bus-tickets/ongole-to-hyderabad,APSRTC - 5378,INDRA(A.C. Seater),6h 40m,₹671,4.2,124.0,Good Service
Ongole to Hyderabad,https://www.redbus.in/bus-tickets/ongole-to-hyderabad,APSRTC - 5862,"SUPER LUXURY (NON-AC, 2 + 2 PUSH BACK)",7h 20m,₹555,4.2,68.0,Good Service
Ongole to Hyderabad,https://www.redbus.in/bus-tickets/ongole-to-hyderabad,APSRTC - 5858,"SUPER LUXURY (NON-AC, 2 + 2 PUSH BACK)",6h 50m,₹555,3.8,19.0,Average
Ongole to Hyderabad,https://www.redbus.in/bus-tickets/ongole-to-hyderabad,APSRTC - 48600,INDRA(A.C. Seater),6h 28m,₹671,3.9,69.0,Average
Ongole to Hyderabad,https://www.redbus.in/bus-tickets/ongole-to-hyderabad,APSRTC - 5869,"SUPER LUXURY (NON-AC, 2 + 2 PUSH BACK)",6h 30m,₹555,3.9,28.0,Average
Ongole to Hyderabad,https://www.redbus.in/bus-tickets/ongole-to-hyderabad,APSRTC - 5993,"SUPER LUXURY (NON-AC, 2 + 2 PUSH BACK)",7h 25m,₹555,3.8,39.0,Average
Ongole to Hyderabad,https://www.redbus.in/bus-tickets/ongole-to-hyderabad,APSRTC - 48492,"SUPER LUXURY (NON-AC, 2 + 2 PUSH BACK)",6h 30m,₹555,3.7,35.0,Average
Ongole to Hyderabad,https://www.redbus.in/bus-tickets/ongole-to-hyderabad,APSRTC - 48603,AMARAVATHI (VOLVO / SCANIA A.C Multi Axle),6h 33m,₹852,4.2,72.0,Good Service
Ongole to Hyderabad,https://www.redbus.in/bus-tickets/ongole-to-hyderabad,APSRTC - 5901,STAR LINER(NON-AC SLEEPER 2+1),7h 30m,₹719,4.6,80.0,Excellent Service
Ongole to Hyderabad,https://www.redbus.in/bus-tickets/ongole-to-hyderabad,APSRTC - 5875,"SUPER LUXURY (NON-AC, 2 + 2 PUSH BACK)",7h 45m,₹555,3.4,18.0,Average
Ongole to Hyderabad,https://www.redbus.in/bus-tickets/ongole-to-hyderabad,APSRTC - 5069,"SUPER LUXURY (NON-AC, 2 + 2 PUSH BACK)",8h 20m,₹556,3.8,34.0,Average
Ongole to Hyderabad,https://www.redbus.in/bus-tickets/ongole-to-hyderabad,APSRTC - 5925,"SUPER LUXURY (NON-AC, 2 + 2 PUSH BACK)",5h 40m,₹555,4.3,34.0,Good Service
Ongole to Hyderabad,https://www.redbus.in/bus-tickets/ongole-to-hyderabad,APSRTC - 5019,DOLPHIN CRUISE (VOLVO / SCANIA A.C Multi Axle),6h 42m,₹855,3.9,27.0,Average
Ongole to Hyderabad,https://www.redbus.in/bus-tickets/ongole-to-hyderabad,APSRTC - 5905,INDRA(A.C. Seater),6h 50m,₹671,4.2,82.0,Good Service
Ongole to Hyderabad,https://www.redbus.in/bus-tickets/ongole-to-hyderabad,APSRTC - 5919,VENNELA (A.C. SLEEPER),6h 36m,₹992,4.0,112.0,Good Service
Ongole to Hyderabad,https://www.redbus.in/bus-tickets/ongole-to-hyderabad,APSRTC - 5856,STAR LINER(NON-AC SLEEPER 2+1),6h 55m,₹719,3.4,35.0,Average
Ongole to Hyderabad,https://www.redbus.in/bus-tickets/ongole-to-hyderabad,APSRTC - 5903,DOLPHIN CRUISE (VOLVO / SCANIA A.C Multi Axle),6h 5m,₹852,4.0,50.0,Good Service
Ongole to Hyderabad,https://www.redbus.in/bus-tickets/ongole-to-hyderabad,APSRTC - 5180,"SUPER LUXURY (NON-AC, 2 + 2 PUSH BACK)",7h 45m,₹556,3.4,27.0,Average
Ongole to Hyderabad,https://www.redbus.in/bus-tickets/ongole-to-hyderabad,APSRTC - 5053,"SUPER LUXURY (NON-AC, 2 + 2 PUSH BACK)",8h 15m,₹556,3.6,26.0,Average
Kadapa to Bangalore,https://www.redbus.in/bus-tickets/kadapa-to-bangalore,APSRTC - 5803,"SUPER LUXURY (NON-AC, 2 + 2 PUSH BACK)",5h 35m,₹472,3.7,0.0,Average
Kadapa to Bangalore,https://www.redbus.in/bus-tickets/kadapa-to-bangalore,APSRTC - 5225,"SUPER LUXURY (NON-AC, 2 + 2 PUSH BACK)",7h 5m,₹512,3.8,5.0,Average
Kadapa to Bangalore,https://www.redbus.in/bus-tickets/kadapa-to-bangalore,APSRTC - 6014,"SUPER LUXURY (NON-AC, 2 + 2 PUSH BACK)",6h 30m,₹472,4.2,39.0,Good Service
Kadapa to Bangalore,https://www.redbus.in/bus-tickets/kadapa-to-bangalore,APSRTC - 50012,"SUPER LUXURY (NON-AC, 2 + 2 PUSH BACK)",6h 30m,₹472,3.5,23.0,Average
Kadapa to Bangalore,https://www.redbus.in/bus-tickets/kadapa-to-bangalore,APSRTC - 6004,"SUPER LUXURY (NON-AC, 2 + 2 PUSH BACK)",6h 25m,₹472,3.8,22.0,Average
Kadapa to Bangalore,https://www.redbus.in/bus-tickets/kadapa-to-bangalore,APSRTC - 6016,"SUPER LUXURY (NON-AC, 2 + 2 PUSH BACK)",6h 30m,₹472,3.1,11.0,Average
Kadapa to Bangalore,https://www.redbus.in/bus-tickets/kadapa-to-bangalore,APSRTC - 50078,"SUPER LUXURY (NON-AC, 2 + 2 PUSH BACK)",6h 50m,₹472,3.8,21.0,Average
Kadapa to Bangalore,https://www.redbus.in/bus-tickets/kadapa-to-bangalore,APSRTC - 50061,"SUPER LUXURY (NON-AC, 2 + 2 PUSH BACK)",6h 30m,₹472,2.3,16.0,Below Average
Kadapa to Bangalore,https://www.redbus.in/bus-tickets/kadapa-to-bangalore,APSRTC - 9252,INDRA(A.C. Seater),6h 30m,₹526,4.3,65.0,Good Service
Kadapa to Bangalore,https://www.redbus.in/bus-tickets/kadapa-to-bangalore,APSRTC - 50102,"ULTRA DELUXE (NON-AC, 2+2 PUSH BACK)",7h,₹412,1.9,11.0,Below Average
Kadapa to Bangalore,https://www.redbus.in/bus-tickets/kadapa-to-bangalore,APSRTC - 50804,"SUPER LUXURY (NON-AC, 2 + 2 PUSH BACK)",6h 55m,₹472,4.6,9.0,Excellent Service
Kadapa to Bangalore,https://www.redbus.in/bus-tickets/kadapa-to-bangalore,APSRTC - 6006,INDRA(A.C. Seater),5h 15m,₹526,2.8,46.0,Below Average
Kadapa to Bangalore,https://www.redbus.in/bus-tickets/kadapa-to-bangalore,APSRTC - 6209,"SUPER LUXURY (NON-AC, 2 + 2 PUSH BACK)",5h 30m,₹472,3.8,22.0,Average
Kadapa to Bangalore,https://www.redbus.in/bus-tickets/kadapa-to-bangalore,APSRTC - 50191,AMARAVATHI (VOLVO / SCANIA A.C Multi Axle),4h 30m,₹716,4.0,95.0,Good Service
Kadapa to Bangalore,https://www.redbus.in/bus-tickets/kadapa-to-bangalore,APSRTC - 9488,"SUPER LUXURY (NON-AC, 2 + 2 PUSH BACK)",6h 30m,₹472,3.7,21.0,Average
Kadapa to Bangalore,https://www.redbus.in/bus-tickets/kadapa-to-bangalore,APSRTC - 9256,AMARAVATHI (VOLVO / SCANIA A.C Multi Axle),4h 25m,₹716,3.2,77.0,Average
Kadapa to Bangalore,https://www.redbus.in/bus-tickets/kadapa-to-bangalore,APSRTC - 6237,"SUPER LUXURY (NON-AC, 2 + 2 PUSH BACK)",6h,₹472,2.6,11.0,Below Average
Kadapa to Bangalore,https://www.redbus.in/bus-tickets/kadapa-to-bangalore,APSRTC - 50144,"SUPER LUXURY (NON-AC, 2 + 2 PUSH BACK)",6h 30m,₹472,2.2,16.0,Below Average
Kadapa to Bangalore,https://www.redbus.in/bus-tickets/kadapa-to-bangalore,APSRTC - 6018,"SUPER LUXURY (NON-AC, 2 + 2 PUSH BACK)",5h 55m,₹472,3.4,18.0,Average
Kadapa to Bangalore,https://www.redbus.in/bus-tickets/kadapa-to-bangalore,APSRTC - 6010,"SUPER LUXURY (NON-AC, 2 + 2 PUSH BACK)",6h 20m,₹472,4.1,22.0,Good Service
Kadapa to Bangalore,https://www.redbus.in/bus-tickets/kadapa-to-bangalore,APSRTC - 6240,"ULTRA DELUXE (NON-AC, 2+2 PUSH BACK)",7h,₹412,3.9,28.0,Average
Kadapa to Bangalore,https://www.redbus.in/bus-tickets/kadapa-to-bangalore,APSRTC - 5281,"SUPER LUXURY (NON-AC, 2 + 2 PUSH BACK)",5h 55m,₹512,2.9,14.0,Below Average
Kadapa to Bangalore,https://www.redbus.in/bus-tickets/kadapa-to-bangalore,APSRTC - 6205,"SUPER LUXURY (NON-AC, 2 + 2 PUSH BACK)",5h 45m,₹472,3.2,47.0,Average
Kadapa to Bangalore,https://www.redbus.in/bus-tickets/kadapa-to-bangalore,APSRTC - 6073,INDRA(A.C. Seater),5h,₹526,3.9,87.0,Average
Kadapa to Bangalore,https://www.redbus.in/bus-tickets/kadapa-to-bangalore,APSRTC - 5295,"SUPER LUXURY (NON-AC, 2 + 2 PUSH BACK)",5h 5m,₹472,3.3,10.0,Average
Kadapa to Bangalore,https://www.redbus.in/bus-tickets/kadapa-to-bangalore,APSRTC - 50181,"SUPER LUXURY (NON-AC, 2 + 2 PUSH BACK)",6h 35m,₹472,3.2,40.0,Average
Kadapa to Bangalore,https://www.redbus.in/bus-tickets/kadapa-to-bangalore,APSRTC - 6207,"SUPER LUXURY (NON-AC, 2 + 2 PUSH BACK)",5h 15m,₹472,4.0,46.0,Good Service
Kadapa to Bangalore,https://www.redbus.in/bus-tickets/kadapa-to-bangalore,APSRTC - 5227,"SUPER LUXURY (NON-AC, 2 + 2 PUSH BACK)",6h 45m,₹512,4.2,14.0,Good Service
Kadapa to Bangalore,https://www.redbus.in/bus-tickets/kadapa-to-bangalore,APSRTC - 6065,"SUPER LUXURY (NON-AC, 2 + 2 PUSH BACK)",5h 50m,₹472,4.3,64.0,Good Service
Kadapa to Bangalore,https://www.redbus.in/bus-tickets/kadapa-to-bangalore,APSRTC - 5283,"SUPER LUXURY (NON-AC, 2 + 2 PUSH BACK)",6h 10m,₹512,3.3,8.0,Average
Kadapa to Bangalore,https://www.redbus.in/bus-tickets/kadapa-to-bangalore,APSRTC - 9266,INDRA(A.C. Seater),5h 40m,₹526,4.2,92.0,Good Service
Kadapa to Bangalore,https://www.redbus.in/bus-tickets/kadapa-to-bangalore,APSRTC - 7744,"SUPER LUXURY (NON-AC, 2 + 2 PUSH BACK)",6h 5m,₹472,3.4,6.0,Average
Kadapa to Bangalore,https://www.redbus.in/bus-tickets/kadapa-to-bangalore,APSRTC - 48483,"SUPER LUXURY (NON-AC, 2 + 2 PUSH BACK)",5h 45m,₹472,3.8,20.0,Average
Kadapa to Bangalore,https://www.redbus.in/bus-tickets/kadapa-to-bangalore,APSRTC - 9254,"SUPER LUXURY (NON-AC, 2 + 2 PUSH BACK)",6h,₹472,4.2,75.0,Good Service
Kadapa to Bangalore,https://www.redbus.in/bus-tickets/kadapa-to-bangalore,APSRTC - 6008,AMARAVATHI (VOLVO / SCANIA A.C Multi Axle),4h 35m,₹716,4.0,119.0,Good Service
Kadapa to Bangalore,https://www.redbus.in/bus-tickets/kadapa-to-bangalore,APSRTC - 5272,"SUPER LUXURY (NON-AC, 2 + 2 PUSH BACK)",6h 10m,₹512,2.0,8.0,Below Average
Kadapa to Bangalore,https://www.redbus.in/bus-tickets/kadapa-to-bangalore,APSRTC - 5977,"SUPER LUXURY (NON-AC, 2 + 2 PUSH BACK)",6h 20m,₹472,3.1,23.0,Average
Madanapalli to Bangalore,https://www.redbus.in/bus-tickets/madanapalli-to-bangalore,APSRTC - 5677,Express Non AC Seater 2+3,3h 15m,₹173,4.3,109.0,Good Service
Madanapalli to Bangalore,https://www.redbus.in/bus-tickets/madanapalli-to-bangalore,APSRTC - 7584,Express Non AC Seater 2+3,3h 15m,₹173,3.7,44.0,Average
Madanapalli to Bangalore,https://www.redbus.in/bus-tickets/madanapalli-to-bangalore,APSRTC - 5716,Express Non AC Seater 2+3,3h 30m,₹173,4.3,18.0,Good Service
Madanapalli to Bangalore,https://www.redbus.in/bus-tickets/madanapalli-to-bangalore,APSRTC - 7592,Express Non AC Seater 2+3,4h,₹173,5.0,23.0,Excellent Service
Madanapalli to Bangalore,https://www.redbus.in/bus-tickets/madanapalli-to-bangalore,APSRTC - 6224,"ULTRA DELUXE (NON-AC, 2+2 PUSH BACK)",4h,₹226,4.2,48.0,Good Service
Madanapalli to Bangalore,https://www.redbus.in/bus-tickets/madanapalli-to-bangalore,APSRTC - 7588,Express Non AC Seater 2+3,3h 15m,₹173,3.9,55.0,Average
Madanapalli to Bangalore,https://www.redbus.in/bus-tickets/madanapalli-to-bangalore,APSRTC - 7586,Express Non AC Seater 2+3,4h,₹173,3.9,53.0,Average
Madanapalli to Bangalore,https://www.redbus.in/bus-tickets/madanapalli-to-bangalore,APSRTC - 6006,INDRA(A.C. Seater),2h 30m,₹279,3.5,97.0,Average
Madanapalli to Bangalore,https://www.redbus.in/bus-tickets/madanapalli-to-bangalore,APSRTC - 5675,Express Non AC Seater 2+3,4h,₹173,3.5,50.0,Average
Madanapalli to Bangalore,https://www.redbus.in/bus-tickets/madanapalli-to-bangalore,APSRTC - 7594,Express Non AC Seater 2+3,4h,₹173,4.0,21.0,Good Service
Madanapalli to Bangalore,https://www.redbus.in/bus-tickets/madanapalli-to-bangalore,APSRTC - 5759,Express Non AC Seater 2+3,4h,₹173,3.6,78.0,Average
Madanapalli to Bangalore,https://www.redbus.in/bus-tickets/madanapalli-to-bangalore,APSRTC - 7590,Express Non AC Seater 2+3,3h 15m,₹173,4.1,46.0,Good Service
